[Licensing::Module] Trying to connect to existing licensing client channel...
Built from '6000.5/staging' branch; Version is '6000.5.5f1 (d16e074b49fd) revision 13725191'; Using compiler version '194234433'; Build Type 'Release'
OS: 'Windows 11  (10.0.26200) Professional' Language: 'en' Physical Memory: 31894 MB
[Licensing::IpcConnector] Channel LicenseClient-Admin doesn't exist
BatchMode: 1, IsHumanControllingUs: 0, StartBugReporterOnCrash: 0, Is64bit: 1
System  architecture: x64
Process architecture: x64
Date: 2026-09-12T08:28:19Z
[Licensing::Module] Successfully launched the LicensingClient (PId: 40792)
[Licensing::IpcConnector] Successfully connected to: "LicenseClient-Admin" at "2026-09-12T08:28:19.452982Z"

COMMAND LINE ARGUMENTS:
C:\Program Files\Unity\Hub\Editor\6000.5.5f1\Editor\Unity.exe
-batchmode
-projectPath
F:/dev/picklebot
-logFile
F:/dev/picklebot/artifacts/hierarchy-v1/contact-quality-telemetry-01/editor.log
Successfully changed project path to: F:/dev/picklebot
F:/dev/picklebot
[UnityMemory] Configuration Parameters - Can be set up in boot.config
    "memorysetup-temp-allocator-size-gi-baking-worker=262144"
    "memorysetup-temp-allocator-size-gi-baking-worker=262144"
    "memorysetup-temp-allocator-size-gi-baking-worker=262144"
    "memorysetup-temp-allocator-size-gi-baking-worker=262144"
    "memorysetup-temp-allocator-size-gi-baking-worker=262144"
    "memorysetup-temp-allocator-size-nav-mesh-worker=65536"
    "memorysetup-temp-allocator-size-audio-worker=65536"
    "memorysetup-temp-allocator-size-cloud-worker=32768"
    "memorysetup-temp-allocator-size-gfx=262144"
    "memorysetup-temp-allocator-size-preload-manager=33554432"
    "memorysetup-allocator-temp-initial-block-size-main=262144"
    "memorysetup-allocator-temp-initial-block-size-worker=262144"
    "memorysetup-temp-allocator-size-job-worker=262144"
    "memorysetup-temp-allocator-size-background-worker=32768"
    "memorysetup-bucket-allocator-granularity=16"
    "memorysetup-bucket-allocator-bucket-count=8"
    "memorysetup-bucket-allocator-block-size=33554432"
    "memorysetup-bucket-allocator-block-count=8"
    "memorysetup-main-allocator-block-size=16777216"
    "memorysetup-thread-allocator-block-size=16777216"
    "memorysetup-main-allocator-mimalloc-enabled=0"
    "memorysetup-gfx-main-allocator-block-size=16777216"
    "memorysetup-gfx-thread-allocator-block-size=16777216"
    "memorysetup-cache-allocator-block-size=4194304"
    "memorysetup-typetree-allocator-block-size=2097152"
    "memorysetup-profiler-bucket-allocator-granularity=16"
    "memorysetup-profiler-bucket-allocator-bucket-count=8"
    "memorysetup-profiler-bucket-allocator-block-size=33554432"
    "memorysetup-profiler-bucket-allocator-block-count=8"
    "memorysetup-profiler-allocator-block-size=16777216"
    "memorysetup-profiler-editor-allocator-block-size=1048576"
    "memorysetup-temp-allocator-size-main=16777216"
    "memorysetup-job-temp-allocator-block-size=2097152"
    "memorysetup-job-temp-allocator-block-size-background=1048576"
    "memorysetup-job-temp-allocator-reduction-small-platforms=262144"
Logging is directed to a specific file, skipping project log.Player connection [11892]  Target information:

Player connection [11892]  * "[IP] 192.168.1.47 [Port] 55504 [Flags] 2 [Guid] 424220702 [EditorId] 424220702 [Version] 1048832 [Id] WindowsEditor(7,Gem-PC) [Debug] 1 [PackageName] WindowsEditor [ProjectName] Editor" 

Player connection [11892]  * "[IP] 172.30.224.1 [Port] 55504 [Flags] 2 [Guid] 424220702 [EditorId] 424220702 [Version] 1048832 [Id] WindowsEditor(7,Gem-PC) [Debug] 1 [PackageName] WindowsEditor [ProjectName] Editor" 

Player connection [11892] Host joined multi-casting on [225.0.0.222:54997]...
Player connection [11892] Host joined alternative multi-casting on [225.0.0.222:34997]...
Input System module state changed to: Initialized.
[Physics::Module] Initialized fallback backend.
[Physics::Module] Id: 0xdecafbad
[Licensing::Client] Code 10 while verifying Licensing Client signature (process Id: 40792, path: "C:/Program Files/Unity/Hub/Editor/6000.5.5f1/Editor/Data/Resources/Licensing/Client/Unity.Licensing.Client.exe")
[Licensing::Module] LicensingClient has failed validation; ignoring
[Licensing::Client] Handshaking with LicensingClient:
  Version:                 1.18.1+9fbee8e
  Session Id:              355538333fdf4b97ac520c0158c5416f
  Correlation Id:          d5650fef0cba0ef02a5a5636e839055a
  External correlation Id: 2519241146370229277
  Machine Id:              WRO0hqVMO2onSl3FySEKaGCOIwM=
[Licensing::Module] Successfully connected to LicensingClient on channel: "LicenseClient-Admin" (connect: 0.25s, validation: 0.10s, handshake: 0.05s)
[Licensing::IpcConnector] Successfully connected to: "LicenseClient-Admin-notifications" at "2026-09-12T08:28:19.6074506Z"
[Licensing::Module] Connected to LicensingClient (PId: 40792, launch time: 0.01, total connection time: 0.40s)
[Licensing::Module] Error: Access token is unavailable; failed to update
[Licensing::Client] Successfully resolved entitlement details
[Licensing::Module] License group:
  Id: 18966720664276-UnityPersXXXX
  Product: Unity Personal
  Type: Assigned
  Expiration: Unlimited
[Licensing::Client] Successfully updated license, isAsync: True, time: 0.01
[Licensing::Client] Successfully resolved entitlement details
[Licensing::Module] Licensing Background thread has ended after 0.44s
[Package Manager] Connected to IPC stream "Upm-35972" after 0.2 seconds.
[Licensing::Client] Successfully resolved entitlement details
Library Redirect Path: Library/
[Physics::Module] Selected backend.
[Physics::Module] Name: PhysX
[Physics::Module] Id: 0xf2b8ea05
[Physics::Module] SDK Version: 4.1.2
[Physics::Module] Integration Version: 1.0.0
[Physics::Module] Threading Mode: Multi-Threaded
Initialize engine version: 6000.5.5f1 (d16e074b49fd)
[Subsystems] Discovering subsystems at path C:/Program Files/Unity/Hub/Editor/6000.5.5f1/Editor/Data/Resources/UnitySubsystems
[Subsystems] Discovering subsystems at path F:/dev/picklebot/Assets
GfxDevice: creating device client; kGfxThreadingModeNonThreaded
d3d12: failed to query info queue interface (0x80004002).
Direct3D:
    Version:         Direct3D 12 [level 12.2]
    Renderer:        NVIDIA GeForce RTX 4070 (ID=0x2786)
    Vendor:          NVIDIA
    VRAM:            12010 MB
    App VRAM Budget: 11242 MB
    Driver:          32.0.16.1047
Initialize mono
Mono path[0] = 'C:/Program Files/Unity/Hub/Editor/6000.5.5f1/Editor/Data/Managed'
Mono path[1] = 'C:/Program Files/Unity/Hub/Editor/6000.5.5f1/Editor/Data/BCLExtensions/runtime/netstandard2.1'
Mono path[2] = 'C:/Program Files/Unity/Hub/Editor/6000.5.5f1/Editor/Data/MonoBleedingEdge/lib/mono/unityjit-win32'
Mono config path = 'C:/Program Files/Unity/Hub/Editor/6000.5.5f1/Editor/Data/MonoBleedingEdge/etc'
Using monoOptions --debugger-agent=transport=dt_socket,embedding=1,server=y,suspend=n,address=127.0.0.1:56972
CodeReloadManager initialized
ImportWorker Server TCP listen port: 0
AcceleratorClientConnectionCallback - disconnected - :0
Begin MonoManager ReloadAssembly
Registering precompiled unity dll's ...
Register platform support module: C:/Program Files/Unity/Hub/Editor/6000.5.5f1/Editor/Data/PlaybackEngines/WindowsStandaloneSupport/UnityEditor.WindowsStandalone.Extensions.dll
Registered in 0.001374 seconds.
Native extension for WindowsStandalone target not found
Package Manager log level set to [2]
ScheduleIndexationOnStartup MainProcess:False IndexOnStartup:True
Mono: successfully reloaded assembly
- Finished resetting the current domain, in  0.280 seconds
Domain Reload Profiling: 661ms
	BeginReloadAssembly (102ms)
		CreateAndSetChildDomain (6ms)
	RebuildCommonClasses (4ms)
	RebuildNativeTypeToScriptingClass (13ms)
	initialDomainReloadingComplete (53ms)
	LoadAllAssembliesAndSetupDomain (208ms)
		LoadAssemblies (94ms)
		AnalyzeDomain (151ms)
			TypeCache.Refresh (150ms)
				TypeCache.ScanAssembly (140ms)
	FinalizeReload (282ms)
		SetupLoadedEditorAssemblies (0ms)
			BeforeProcessingInitializeOnLoad (67ms)
			ProcessInitializeOnLoadAttributes (72ms)
			ProcessInitializeOnLoadMethodAttributes (85ms)
[Licensing::Client] Successfully resolved entitlement details
Application.AssetDatabase Initial Refresh Start
[Package Manager] Restoring resolved packages state from cache
[Licensing::Client] Successfully resolved entitlement details
[Package Manager] Registered 22 packages:
  Packages from [https://packages.unity.com]:
    com.unity.ml-agents@4.1.0 (location: F:\dev\picklebot\Library\PackageCache\com.unity.ml-agents@51fac9654958)
    com.unity.pipeline@0.6.0-exp.1 (location: F:\dev\picklebot\Library\PackageCache\com.unity.pipeline@9bb4172c603c)
    com.unity.nuget.mono-cecil@1.11.6 (location: F:\dev\picklebot\Library\PackageCache\com.unity.nuget.mono-cecil@ecb9724e46ff)
    com.unity.nuget.newtonsoft-json@3.2.2 (location: F:\dev\picklebot\Library\PackageCache\com.unity.nuget.newtonsoft-json@4dfd81071c64)
    com.unity.ai.inference@2.6.1 (location: F:\dev\picklebot\Library\PackageCache\com.unity.ai.inference@9a123aee5df7)
    com.unity.burst@1.8.29 (location: F:\dev\picklebot\Library\PackageCache\com.unity.burst@6bb9aca3ef38)
    com.unity.dt.app-ui@2.1.7 (location: F:\dev\picklebot\Library\PackageCache\com.unity.dt.app-ui@b097002a00c2)
    com.unity.test-framework.performance@3.5.0 (location: F:\dev\picklebot\Library\PackageCache\com.unity.test-framework.performance@8b56083ec0f0)
  Built-in packages:
    com.unity.test-framework@1.7.0 (location: F:\dev\picklebot\Library\PackageCache\com.unity.test-framework@1405238725ab)
    com.unity.modules.imgui@1.0.0 (location: F:\dev\picklebot\Library\PackageCache\com.unity.modules.imgui)
    com.unity.modules.jsonserialize@1.0.0 (location: F:\dev\picklebot\Library\PackageCache\com.unity.modules.jsonserialize)
    com.unity.modules.physics@1.0.0 (location: F:\dev\picklebot\Library\PackageCache\com.unity.modules.physics)
    com.unity.ext.nunit@2.1.0 (location: F:\dev\picklebot\Library\PackageCache\com.unity.ext.nunit@44f7d31723bd)
    com.unity.modules.uielements@1.0.0 (location: F:\dev\picklebot\Library\PackageCache\com.unity.modules.uielements)
    com.unity.modules.screencapture@1.0.0 (location: F:\dev\picklebot\Library\PackageCache\com.unity.modules.screencapture)
    com.unity.modules.imageconversion@1.0.0 (location: F:\dev\picklebot\Library\PackageCache\com.unity.modules.imageconversion)
    com.unity.modules.ui@1.0.0 (location: F:\dev\picklebot\Library\PackageCache\com.unity.modules.ui)
    com.unity.modules.hierarchycore@1.0.0 (location: F:\dev\picklebot\Library\PackageCache\com.unity.modules.hierarchycore)
    com.unity.modules.animation@1.0.0 (location: F:\dev\picklebot\Library\PackageCache\com.unity.modules.animation)
    com.unity.collections@6.5.0 (location: F:\dev\picklebot\Library\PackageCache\com.unity.collections@a43cabe808ca)
    com.unity.modules.androidjni@1.0.0 (location: F:\dev\picklebot\Library\PackageCache\com.unity.modules.androidjni)
    com.unity.mathematics@1.4.0 (location: F:\dev\picklebot\Library\PackageCache\com.unity.mathematics@981956d94fb6)
[Subsystems] No new subsystems found in resolved package list.
[Package Manager] Done registering packages in 0.01 seconds
AcceleratorClientConnectionCallback - disconnected - :0
Starting: C:\Program Files\Unity\Hub\Editor\6000.5.5f1\Editor\Data\Tools\BuildPipeline\bee_backend.exe --ipc --defer-dag-verification --dagfile="Library/Bee/1900b0aE.dag" --continue-on-failure --profile="Library/Bee/backend1.traceevents" ScriptAssemblies
WorkingDir: F:/dev/picklebot
DisplayProgressbar: Compiling Scripts
Starting: C:\Program Files\Unity\Hub\Editor\6000.5.5f1\Editor\Data\netcorerun\netcorerun.exe "C:\Program Files\Unity\Hub\Editor\6000.5.5f1\Editor\Data\Tools\BuildPipeline\ScriptCompilationBuildProgram.exe" "Library/Bee/1900b0aE.dag.json" "Library/Bee/1900b0aE-inputdata.json" "Library\Bee\buildprogram0.traceevents"
WorkingDir: F:/dev/picklebot
ExitCode: 4 Duration: 0s224ms
Rebuilding DAG because FileSignature timestamp changed: Library/Bee/1900b0aE-inputdata.json
[ 794/1041  0s] ILPP-Configuration Library/ilpp-configuration.nevergeneratedoutput
*** Tundra requires additional run (0.19 seconds), 1 items updated, 793 evaluated
ExitCode: 0 Duration: 0s918ms
Starting: C:\Program Files\Unity\Hub\Editor\6000.5.5f1\Editor\Data\Tools\BuildPipeline\bee_backend.exe --ipc --defer-dag-verification --dagfile="Library/Bee/1900b0aE.dag" --continue-on-failure --dagfilejson="Library\Bee\1900b0aE.dag.json" --profile="Library/Bee/backend2.traceevents" ScriptAssemblies
WorkingDir: F:/dev/picklebot
ExitCode: 0 Duration: 4s794ms
Finished compiling graph: 1045 nodes, 17572 flattened edges (15142 ToBuild, 174 ToUse), maximum node priority 470
[ 219/1041  0s] WriteText Library/Bee/artifacts/1900b0aE.dag/Unity.Collections.rsp
[ 221/1041  0s] WriteText Library/Bee/artifacts/1900b0aE.dag/Unity.Mathematics.rsp
[ 222/1041  0s] WriteText Library/Bee/artifacts/1900b0aE.dag/UnityEditor.TestRunner.rsp
[ 225/1041  0s] WriteText Library/Bee/artifacts/1900b0aE.dag/Unity.Burst.CodeGen.rsp
[ 226/1041  0s] WriteText Library/Bee/artifacts/1900b0aE.dag/Unity.ML-Agents.CommunicatorObjects.rsp
[ 231/1041  0s] WriteText Library/Bee/artifacts/1900b0aE.dag/Unity.AppUI.rsp
[ 250/1041  0s] WriteText Library/Bee/artifacts/1900b0aE.dag/UnityEngine.TestRunner.rsp
[ 251/1041  0s] WriteText Library/Bee/artifacts/1900b0aE.dag/Unity.Collections.CodeGen.rsp
[ 252/1041  0s] WriteText Library/Bee/artifacts/1900b0aE.dag/Picklebot.PlayerControls.rsp
[ 254/1041  0s] WriteText Library/Bee/artifacts/1900b0aE.dag/Unity.AppUI.InternalAPIBridge.rsp
[ 256/1041  0s] WriteText Library/Bee/artifacts/1900b0aE.dag/Picklebot.Inspection.rsp
[ 259/1041  0s] WriteText Library/Bee/artifacts/1900b0aE.dag/Picklebot.Simulation.rsp
[ 260/1041  0s] WriteText Library/Bee/artifacts/1900b0aE.dag/Unity.InferenceEngine.rsp
[ 265/1041  0s] WriteText Library/Bee/artifacts/1900b0aE.dag/Picklebot.Doubles.rsp
[ 266/1041  0s] WriteText Library/Bee/artifacts/1900b0aE.dag/Unity.Pipeline.IlInterpreter.rsp
[ 267/1041  0s] WriteText Library/Bee/artifacts/1900b0aE.dag/Unity.InferenceEngine.Microsoft.Msagl.rsp
[ 279/1041  0s] WriteText Library/Bee/artifacts/1900b0aE.dag/Unity.Burst.rsp
[ 288/1041  0s] WriteText Library/Bee/artifacts/1900b0aE.dag/Unity.ML-Agents.rsp
[ 292/1041  0s] WriteText Library/Bee/artifacts/1900b0aE.dag/Picklebot.PlayerAgents.rsp
[ 294/1041  0s] WriteText Library/Bee/artifacts/1900b0aE.dag/Unity.AppUI.Redux.rsp
[ 308/1041  0s] WriteText Library/Bee/artifacts/1900b0aE.dag/Picklebot.PlayerControlsIntegration.rsp
[ 310/1041  0s] WriteText Library/Bee/artifacts/1900b0aE.dag/Unity.AppUI.Editor.rsp
[ 311/1041  0s] WriteText Library/Bee/artifacts/1900b0aE.dag/Picklebot.Doubles.Editor.rsp
[ 312/1041  0s] WriteText Library/Bee/artifacts/1900b0aE.dag/Unity.AppUI.Navigation.rsp
[ 313/1041  0s] WriteText Library/Bee/artifacts/1900b0aE.dag/Picklebot.Rally.rsp
[ 314/1041  0s] WriteText Library/Bee/artifacts/1900b0aE.dag/Unity.Pipeline.rsp
[ 315/1041  0s] WriteText Library/Bee/artifacts/1900b0aE.dag/Unity.ML-Agents.Input.rsp
[ 316/1041  0s] WriteText Library/Bee/artifacts/1900b0aE.dag/Unity.ML-Agents.Editor.rsp
[ 320/1041  0s] WriteText Library/Bee/artifacts/1900b0aE.dag/Unity.PerformanceTesting.rsp
[ 326/1041  0s] WriteText Library/Bee/artifacts/1900b0aE.dag/Picklebot.Competition.rsp
[ 327/1041  0s] WriteText Library/Bee/artifacts/1900b0aE.dag/Picklebot.Museum.rsp
[ 328/1041  0s] WriteText Library/Bee/artifacts/1900b0aE.dag/Picklebot.Match.rsp
[ 330/1041  0s] WriteText Library/Bee/artifacts/1900b0aE.dag/Picklebot.PlayerLearning.rsp
[ 350/1041  0s] WriteText Library/Bee/artifacts/1900b0aE.dag/Picklebot.PlayerAgents.Editor.rsp
[ 415/1041  0s] WriteText Library/Bee/artifacts/1900b0aE.dag/Picklebot.Training.rsp
[ 416/1041  0s] WriteText Library/Bee/artifacts/1900b0aE.dag/Unity.Pipeline.CodeGen.rsp
[ 432/1041  0s] WriteText Library/Bee/artifacts/1900b0aE.dag/Picklebot.Evaluation.rsp
[ 433/1041  0s] WriteText Library/Bee/artifacts/1900b0aE.dag/Unity.InferenceEngine.Tokenization.rsp
[ 435/1041  0s] WriteText Library/Bee/artifacts/1900b0aE.dag/Picklebot.Tests.PlayMode.rsp
[ 444/1041  0s] WriteText Library/Bee/artifacts/1900b0aE.dag/Picklebot.Doubles.PlayTests.rsp
[ 450/1041  0s] WriteText Library/Bee/artifacts/1900b0aE.dag/Picklebot.Core.rsp
[ 451/1041  0s] WriteText Library/Bee/artifacts/1900b0aE.dag/Picklebot.Tests.Phase1A.PlayMode.rsp
[ 452/1041  0s] WriteText Library/Bee/artifacts/1900b0aE.dag/Picklebot.Inspection.PlayTests.rsp
[ 456/1041  0s] WriteText Library/Bee/artifacts/1900b0aE.dag/Unity.InferenceEngine.Editor.Visualizer.rsp
[ 463/1041  0s] WriteText Library/Bee/artifacts/1900b0aE.dag/Picklebot.Tests.Phase1B.PlayMode.rsp
[ 464/1041  0s] WriteText Library/Bee/artifacts/1900b0aE.dag/Picklebot.Tests.Phase1C0.PlayMode.rsp
[ 465/1041  0s] WriteText Library/Bee/artifacts/1900b0aE.dag/Unity.AppUI.MVVM.rsp
[ 474/1041  0s] WriteText Library/Bee/artifacts/1900b0aE.dag/Picklebot.Tests.Museum.PlayMode.rsp
[ 484/1041  0s] WriteText Library/Bee/artifacts/1900b0aE.dag/Picklebot.FrameworkSmoke.rsp
[ 485/1041  0s] WriteText Library/Bee/artifacts/1900b0aE.dag/Picklebot.PlayerAgents.PlayTests.rsp
[ 486/1041  0s] WriteText Library/Bee/artifacts/1900b0aE.dag/Unity.AppUI.Undo.rsp
[ 492/1041  0s] WriteText Library/Bee/artifacts/1900b0aE.dag/Picklebot.Match.PlayTests.rsp
[ 493/1041  0s] WriteText Library/Bee/artifacts/1900b0aE.dag/Unity.InferenceEngine.ONNX.Editor.rsp
[ 494/1041  0s] WriteText Library/Bee/artifacts/1900b0aE.dag/Picklebot.PlayerLearning.Tests.rsp
[ 495/1041  0s] WriteText Library/Bee/artifacts/1900b0aE.dag/Picklebot.Competition.PlayTests.rsp
[ 496/1041  0s] WriteText Library/Bee/artifacts/1900b0aE.dag/Picklebot.PlayerControlsIntegration.PlayTests.rsp
[ 497/1041  0s] WriteText Library/Bee/artifacts/1900b0aE.dag/Picklebot.PlayerControls.Tests.rsp
[ 498/1041  0s] WriteText Library/Bee/artifacts/1900b0aE.dag/Unity.InferenceEngine.iOSBLAS.rsp
[ 499/1041  0s] WriteText Library/Bee/artifacts/1900b0aE.dag/Unity.InferenceEngine.MacBLAS.rsp
[ 500/1041  0s] WriteText Library/Bee/artifacts/1900b0aE.dag/Picklebot.Rally.Editor.rsp
[ 501/1041  0s] WriteText Library/Bee/artifacts/1900b0aE.dag/Picklebot.Tests.Museum.EditMode.rsp
[ 502/1041  0s] WriteText Library/Bee/artifacts/1900b0aE.dag/Unity.ML-Agents.Editor.Input.rsp
[ 503/1041  0s] WriteText Library/Bee/artifacts/1900b0aE.dag/Picklebot.PlayerAgents.Tests.rsp
[ 504/1041  0s] WriteText Library/Bee/artifacts/1900b0aE.dag/Picklebot.Competition.Tests.rsp
[ 505/1041  0s] WriteText Library/Bee/artifacts/1900b0aE.dag/Picklebot.Inspection.Tests.rsp
[ 506/1041  0s] WriteText Library/Bee/artifacts/1900b0aE.dag/Picklebot.PlayerLearning.Editor.rsp
[ 507/1041  0s] WriteText Library/Bee/artifacts/1900b0aE.dag/Picklebot.Tests.Phase1C0.EditMode.rsp
[ 508/1041  0s] WriteText Library/Bee/artifacts/1900b0aE.dag/Unity.PerformanceTesting.Editor.rsp
[ 509/1041  0s] WriteText Library/Bee/artifacts/1900b0aE.dag/Picklebot.Tests.Phase1A.EditMode.rsp
[ 510/1041  0s] WriteText Library/Bee/artifacts/1900b0aE.dag/Unity.AppUI.Redux.Editor.rsp
[ 511/1041  0s] WriteText Library/Bee/artifacts/1900b0aE.dag/Unity.Pipeline.Editor.rsp
[ 512/1041  0s] WriteText Library/Bee/artifacts/1900b0aE.dag/Picklebot.Match.Tests.rsp
[ 513/1041  0s] WriteText Library/Bee/artifacts/1900b0aE.dag/Picklebot.PlayerControls.Editor.rsp
[ 514/1041  0s] WriteText Library/Bee/artifacts/1900b0aE.dag/Unity.AppUI.Navigation.Editor.rsp
[ 515/1041  0s] WriteText Library/Bee/artifacts/1900b0aE.dag/Picklebot.Competition.Editor.rsp
[ 516/1041  0s] WriteText Library/Bee/artifacts/1900b0aE.dag/Unity.InferenceEngine.Editor.rsp
[ 517/1041  0s] WriteText Library/Bee/artifacts/1900b0aE.dag/Picklebot.Tests.EditMode.rsp
[ 518/1041  0s] WriteText Library/Bee/artifacts/1900b0aE.dag/Picklebot.Doubles.Tests.rsp
[ 519/1041  0s] WriteText Library/Bee/artifacts/1900b0aE.dag/Picklebot.PlayerControlsIntegration.Editor.rsp
[ 520/1041  0s] WriteText Library/Bee/artifacts/1900b0aE.dag/Picklebot.Tests.Phase1B.EditMode.rsp
[ 521/1041  0s] WriteText Library/Bee/artifacts/1900b0aE.dag/Picklebot.Inspection.Editor.rsp
[ 522/1041  0s] WriteText Library/Bee/artifacts/1900b0aE.dag/Unity.Burst.Editor.rsp
[ 523/1041  0s] WriteText Library/Bee/artifacts/1900b0aE.dag/Picklebot.DoublesTraining.Editor.rsp
[ 524/1041  0s] WriteText Library/Bee/artifacts/1900b0aE.dag/Unity.Collections.Editor.rsp
[ 525/1041  0s] WriteText Library/Bee/artifacts/1900b0aE.dag/Picklebot.Rally.Tests.rsp
[ 526/1041  0s] WriteResponseFile Library/Bee/artifacts/rsp/1650037101614303755.rsp
[ 527/1041  0s] WriteResponseFile Library/Bee/artifacts/rsp/17567834083822870033.rsp
[ 528/1041  0s] WriteText Library/Bee/artifacts/1900b0aE.dag/Picklebot.Match.Editor.rsp
[ 529/1041  0s] WriteResponseFile Library/Bee/artifacts/rsp/13909235412005675431.rsp
[ 530/1041  0s] WriteResponseFile Library/Bee/artifacts/rsp/16955349575566033662.rsp
[ 531/1041  0s] WriteResponseFile Library/Bee/artifacts/rsp/11467383044921330365.rsp
[ 532/1041  0s] WriteResponseFile Library/Bee/artifacts/rsp/2966528174991990004.rsp
[ 533/1041  0s] WriteResponseFile Library/Bee/artifacts/rsp/10920383943345876987.rsp
[ 534/1041  0s] WriteResponseFile Library/Bee/artifacts/rsp/6672942040754069501.rsp
[ 535/1041  0s] WriteResponseFile Library/Bee/artifacts/rsp/10784038263971416273.rsp
[ 536/1041  0s] WriteResponseFile Library/Bee/artifacts/rsp/8872121784232552053.rsp
[ 537/1041  0s] WriteResponseFile Library/Bee/artifacts/rsp/6740547212963070303.rsp
[ 538/1041  0s] WriteResponseFile Library/Bee/artifacts/rsp/8604932422083627875.rsp
[ 539/1041  0s] WriteText Library/Bee/artifacts/1900b0aE.dag/Picklebot.PlayerControlsIntegration.Tests.rsp
[ 540/1041  0s] WriteResponseFile Library/Bee/artifacts/rsp/2157608619508796868.rsp
[ 541/1041  0s] WriteResponseFile Library/Bee/artifacts/rsp/14174475450646872220.rsp
[ 542/1041  0s] WriteResponseFile Library/Bee/artifacts/rsp/5902851460939160684.rsp
[ 543/1041  0s] WriteResponseFile Library/Bee/artifacts/rsp/1386361135726264128.rsp
[ 544/1041  0s] WriteResponseFile Library/Bee/artifacts/rsp/16117278753465879224.rsp
[ 545/1041  0s] WriteResponseFile Library/Bee/artifacts/rsp/5668448459290622669.rsp
[ 546/1041  0s] WriteResponseFile Library/Bee/artifacts/rsp/5884096150280330744.rsp
[ 547/1041  0s] WriteResponseFile Library/Bee/artifacts/rsp/11344792807577872076.rsp
[ 548/1041  0s] WriteResponseFile Library/Bee/artifacts/rsp/17763500310097862752.rsp
[ 549/1041  0s] WriteResponseFile Library/Bee/artifacts/rsp/960807347756229731.rsp
[ 550/1041  0s] WriteResponseFile Library/Bee/artifacts/rsp/780945412065672064.rsp
[ 551/1041  0s] WriteResponseFile Library/Bee/artifacts/rsp/514724135852959257.rsp
[ 552/1041  0s] WriteResponseFile Library/Bee/artifacts/rsp/5311836482653891079.rsp
[ 553/1041  0s] WriteResponseFile Library/Bee/artifacts/rsp/8051171512430532380.rsp
[ 554/1041  0s] WriteResponseFile Library/Bee/artifacts/rsp/11283052774281008240.rsp
[ 555/1041  0s] WriteResponseFile Library/Bee/artifacts/rsp/9971674143059154378.rsp
[ 556/1041  0s] WriteResponseFile Library/Bee/artifacts/rsp/1418726328684876121.rsp
[ 557/1041  0s] WriteResponseFile Library/Bee/artifacts/rsp/5465330626836213513.rsp
[ 558/1041  0s] WriteResponseFile Library/Bee/artifacts/rsp/9016814540266575932.rsp
[ 559/1041  0s] WriteResponseFile Library/Bee/artifacts/rsp/11651296625025722907.rsp
[ 560/1041  0s] WriteResponseFile Library/Bee/artifacts/rsp/5266600102536506984.rsp
[ 561/1041  0s] WriteResponseFile Library/Bee/artifacts/rsp/14228569949615292197.rsp
[ 562/1041  0s] WriteResponseFile Library/Bee/artifacts/rsp/8157786106806150916.rsp
[ 563/1041  0s] WriteResponseFile Library/Bee/artifacts/rsp/15277285193838891932.rsp
[ 564/1041  0s] WriteResponseFile Library/Bee/artifacts/rsp/8687634500575384782.rsp
[ 565/1041  0s] WriteResponseFile Library/Bee/artifacts/rsp/15582907177100101490.rsp
[ 566/1041  0s] WriteResponseFile Library/Bee/artifacts/rsp/1179049381252746301.rsp
[ 567/1041  0s] WriteResponseFile Library/Bee/artifacts/rsp/1241893138779591018.rsp
[ 568/1041  0s] WriteResponseFile Library/Bee/artifacts/rsp/7144934147629065502.rsp
[ 569/1041  0s] WriteResponseFile Library/Bee/artifacts/rsp/13191047316487310821.rsp
[ 570/1041  0s] WriteResponseFile Library/Bee/artifacts/rsp/12192641585883629681.rsp
[ 571/1041  0s] WriteResponseFile Library/Bee/artifacts/rsp/9433239387691572958.rsp
[ 572/1041  0s] WriteResponseFile Library/Bee/artifacts/rsp/16597456483984361012.rsp
[ 573/1041  0s] WriteResponseFile Library/Bee/artifacts/rsp/5153788621483162912.rsp
[ 574/1041  0s] WriteResponseFile Library/Bee/artifacts/rsp/8826964529445603309.rsp
[ 575/1041  0s] WriteResponseFile Library/Bee/artifacts/rsp/8001973654387177298.rsp
[ 576/1041  0s] WriteResponseFile Library/Bee/artifacts/rsp/8622521327744862675.rsp
[ 577/1041  0s] WriteResponseFile Library/Bee/artifacts/rsp/2805078844267175061.rsp
[ 578/1041  0s] WriteResponseFile Library/Bee/artifacts/rsp/10890691014931692714.rsp
[ 579/1041  0s] WriteResponseFile Library/Bee/artifacts/rsp/12900333509587573630.rsp
[ 580/1041  0s] WriteResponseFile Library/Bee/artifacts/rsp/4502948167519732737.rsp
[ 581/1041  0s] WriteResponseFile Library/Bee/artifacts/rsp/350423729655393020.rsp
[ 582/1041  0s] WriteResponseFile Library/Bee/artifacts/rsp/8339687817580181739.rsp
[ 583/1041  0s] WriteResponseFile Library/Bee/artifacts/rsp/5916180605834378387.rsp
[ 584/1041  0s] WriteResponseFile Library/Bee/artifacts/rsp/17030784265566497864.rsp
[ 585/1041  0s] WriteResponseFile Library/Bee/artifacts/rsp/16234290435570010374.rsp
[ 586/1041  0s] WriteResponseFile Library/Bee/artifacts/rsp/371368184399758682.rsp
[ 587/1041  0s] WriteResponseFile Library/Bee/artifacts/rsp/7873220731008215487.rsp
[ 588/1041  0s] WriteResponseFile Library/Bee/artifacts/rsp/10846163110483808947.rsp
[ 589/1041  0s] WriteResponseFile Library/Bee/artifacts/rsp/11946796911056517488.rsp
[ 590/1041  0s] WriteResponseFile Library/Bee/artifacts/rsp/17911138138985467832.rsp
[ 591/1041  0s] WriteResponseFile Library/Bee/artifacts/rsp/312730023584280281.rsp
[ 592/1041  0s] WriteResponseFile Library/Bee/artifacts/rsp/12248871281822510316.rsp
[ 593/1041  0s] WriteResponseFile Library/Bee/artifacts/rsp/10864296189774257271.rsp
[ 594/1041  0s] WriteResponseFile Library/Bee/artifacts/rsp/706286951116175646.rsp
[ 595/1041  0s] WriteResponseFile Library/Bee/artifacts/rsp/3535991525947020981.rsp
[ 596/1041  0s] WriteResponseFile Library/Bee/artifacts/rsp/3395935648237686412.rsp
[ 597/1041  0s] WriteResponseFile Library/Bee/artifacts/rsp/9708598661318103069.rsp
[ 598/1041  0s] WriteResponseFile Library/Bee/artifacts/rsp/3981755347840864169.rsp
[ 599/1041  0s] WriteResponseFile Library/Bee/artifacts/rsp/15947525283802357574.rsp
[ 600/1041  0s] WriteResponseFile Library/Bee/artifacts/rsp/9253915340184456021.rsp
[ 601/1041  0s] WriteResponseFile Library/Bee/artifacts/rsp/6262281476893245489.rsp
[ 602/1041  0s] WriteResponseFile Library/Bee/artifacts/rsp/6469656984072829795.rsp
[ 603/1041  0s] WriteResponseFile Library/Bee/artifacts/rsp/2525613730176464333.rsp
[ 604/1041  0s] WriteResponseFile Library/Bee/artifacts/rsp/8855597006044574721.rsp
[ 605/1041  0s] WriteResponseFile Library/Bee/artifacts/rsp/18426938688076938391.rsp
[ 606/1041  0s] WriteResponseFile Library/Bee/artifacts/rsp/17234613055290522353.rsp
[ 607/1041  0s] WriteResponseFile Library/Bee/artifacts/rsp/8385550984813603061.rsp
[ 608/1041  0s] WriteResponseFile Library/Bee/artifacts/rsp/8430359774541989196.rsp
[ 609/1041  0s] WriteResponseFile Library/Bee/artifacts/rsp/4023396023408310901.rsp
[ 609/1041  0s] Csc Library/Bee/artifacts/1900b0aE.dag/Unity.Mathematics.dll (+2 others) [CacheHit 1acc96f96ac00fabc206379dd2fbfaa300000000000000000000000000000006]
[ 610/1041  0s] Csc Library/Bee/artifacts/1900b0aE.dag/Unity.Mathematics.dll (+2 others)
[ 611/1041  0s] Csc Library/Bee/artifacts/1900b0aE.dag/Unity.AppUI.Undo.dll (+2 others) [CacheHit 3710c8c3adca90122eaf2a8be4cbce5700000000000000000000000000000006]
[ 613/1041  0s] Csc Library/Bee/artifacts/1900b0aE.dag/Unity.AppUI.Undo.dll (+2 others)
[ 612/1041  0s] Csc Library/Bee/artifacts/1900b0aE.dag/Unity.Burst.dll (+2 others) [CacheHit d8a816a7f4330cd96ed1903c4c4f1e9000000000000000000000000000000006]
[ 615/1041  0s] Csc Library/Bee/artifacts/1900b0aE.dag/Unity.Burst.dll (+2 others)
[ 613/1041  0s] Csc Library/Bee/artifacts/1900b0aE.dag/Unity.Pipeline.IlInterpreter.dll (+2 others) [CacheHit 5a64b005d74271af27330385736bd1a700000000000000000000000000000006]
[ 617/1041  0s] Csc Library/Bee/artifacts/1900b0aE.dag/Unity.Pipeline.IlInterpreter.dll (+2 others)
[ 614/1041  0s] Csc Library/Bee/artifacts/1900b0aE.dag/UnityEngine.TestRunner.dll (+2 others) [CacheHit 6182e95e0a3fe1e3f275ec744d1b044600000000000000000000000000000006]
[ 619/1041  0s] Csc Library/Bee/artifacts/1900b0aE.dag/UnityEngine.TestRunner.dll (+2 others)
[ 615/1041  0s] Csc Library/Bee/artifacts/1900b0aE.dag/Unity.Pipeline.CodeGen.dll (+2 others) [CacheHit 2936dd8eaa48a582d0bc401d438e737400000000000000000000000000000006]
[ 621/1041  0s] Csc Library/Bee/artifacts/1900b0aE.dag/Unity.Pipeline.CodeGen.dll (+2 others)
[ 616/1041  0s] Csc Library/Bee/artifacts/1900b0aE.dag/Unity.AppUI.InternalAPIBridge.dll (+2 others) [CacheHit 0faac841d3ce31af36bc57ee5237318200000000000000000000000000000006]
[ 623/1041  0s] Csc Library/Bee/artifacts/1900b0aE.dag/Unity.AppUI.InternalAPIBridge.dll (+2 others)
[ 617/1041  0s] Csc Library/Bee/artifacts/1900b0aE.dag/Unity.ML-Agents.CommunicatorObjects.dll (+2 others) [CacheHit 81d492048e14a6149cf172e1af970fbf00000000000000000000000000000006]
[ 625/1041  0s] Csc Library/Bee/artifacts/1900b0aE.dag/Unity.ML-Agents.CommunicatorObjects.dll (+2 others)
[ 618/1041  0s] Csc Library/Bee/artifacts/1900b0aE.dag/Unity.InferenceEngine.Tokenization.dll (+2 others) [CacheHit 6516ff985c3f80750ae208c7ffb627f600000000000000000000000000000006]
[ 627/1041  0s] Csc Library/Bee/artifacts/1900b0aE.dag/Unity.InferenceEngine.Tokenization.dll (+2 others)
[ 629/1041  0s] CopyFiles Library/ScriptAssemblies/Unity.Pipeline.CodeGen.pdb
[ 630/1041  0s] CopyFiles Library/ScriptAssemblies/UnityEngine.TestRunner.pdb
[ 642/1041  0s] CopyFiles Library/ScriptAssemblies/Unity.Pipeline.CodeGen.dll
[ 633/1041  0s] Csc Library/Bee/artifacts/1900b0aE.dag/Unity.PerformanceTesting.dll (+2 others) [CacheHit 51f4316374aee741579cad7efb73809d00000000000000000000000000000006]
[ 643/1041  0s] Csc Library/Bee/artifacts/1900b0aE.dag/Unity.PerformanceTesting.dll (+2 others)
[ 634/1041  0s] Csc Library/Bee/artifacts/1900b0aE.dag/Unity.Collections.dll (+2 others) [CacheHit ed6dc3132f0588a67778b850c0d7601800000000000000000000000000000006]
[ 645/1041  0s] Csc Library/Bee/artifacts/1900b0aE.dag/Unity.Collections.dll (+2 others)
[ 635/1041  0s] Csc Library/Bee/artifacts/1900b0aE.dag/Unity.Pipeline.dll (+2 others) [CacheHit 2867a8f3879db3f5fdf92f5f7cd4a63c00000000000000000000000000000006]
[ 647/1041  0s] Csc Library/Bee/artifacts/1900b0aE.dag/Unity.Pipeline.dll (+2 others)
[ 636/1041  0s] Csc Library/Bee/artifacts/1900b0aE.dag/UnityEditor.TestRunner.dll (+2 others) [CacheHit f19f413bad3ba55c727d6f5e0e3ef35100000000000000000000000000000006]
[ 649/1041  0s] Csc Library/Bee/artifacts/1900b0aE.dag/UnityEditor.TestRunner.dll (+2 others)
[ 637/1041  0s] Csc Library/Bee/artifacts/1900b0aE.dag/Unity.AppUI.dll (+2 others) [CacheHit 9049766821373384a9363a42c3b1455a00000000000000000000000000000006]
[ 651/1041  0s] Csc Library/Bee/artifacts/1900b0aE.dag/Unity.AppUI.dll (+2 others)
[ 638/1041  0s] Csc Library/Bee/artifacts/1900b0aE.dag/Unity.Burst.CodeGen.dll (+2 others) [CacheHit fab2377393624621fcc7a67fed05ce1400000000000000000000000000000006]
[ 653/1041  0s] Csc Library/Bee/artifacts/1900b0aE.dag/Unity.Burst.CodeGen.dll (+2 others)
[ 655/1041  0s] CopyFiles Library/ScriptAssemblies/UnityEditor.TestRunner.pdb
[ 656/1041  0s] CopyFiles Library/ScriptAssemblies/Unity.Burst.CodeGen.pdb
[ 657/1041  0s] CopyFiles Library/ScriptAssemblies/UnityEngine.TestRunner.dll
[ 705/1041  0s] CopyFiles Library/ScriptAssemblies/UnityEditor.TestRunner.dll
[ 690/1041  0s] Csc Library/Bee/artifacts/1900b0aE.dag/Unity.AppUI.Navigation.dll (+2 others) [CacheHit 3b462ecb358bac4a2bf7aa1b9f515a3b00000000000000000000000000000006]
[ 706/1041  0s] Csc Library/Bee/artifacts/1900b0aE.dag/Unity.AppUI.Navigation.dll (+2 others)
[ 691/1041  0s] Csc Library/Bee/artifacts/1900b0aE.dag/Unity.AppUI.Editor.dll (+2 others) [CacheHit cd624df4cbba205f529c298c250ba33000000000000000000000000000000006]
[ 708/1041  0s] Csc Library/Bee/artifacts/1900b0aE.dag/Unity.AppUI.Editor.dll (+2 others)
[ 692/1041  0s] Csc Library/Bee/artifacts/1900b0aE.dag/Unity.PerformanceTesting.Editor.dll (+2 others) [CacheHit 5ba5a95c00868dd87b68668cc12e122500000000000000000000000000000006]
[ 710/1041  0s] Csc Library/Bee/artifacts/1900b0aE.dag/Unity.PerformanceTesting.Editor.dll (+2 others)
[ 693/1041  0s] Csc Library/Bee/artifacts/1900b0aE.dag/Unity.AppUI.MVVM.dll (+2 others) [CacheHit 88b78551dde4115866ea7e1cdf843d0200000000000000000000000000000006]
[ 712/1041  0s] Csc Library/Bee/artifacts/1900b0aE.dag/Unity.AppUI.MVVM.dll (+2 others)
[ 694/1041  0s] Csc Library/Bee/artifacts/1900b0aE.dag/Unity.AppUI.Redux.dll (+2 others) [CacheHit 237c6525baf7d171fdcdd71d5273db6500000000000000000000000000000006]
[ 714/1041  0s] Csc Library/Bee/artifacts/1900b0aE.dag/Unity.AppUI.Redux.dll (+2 others)
[ 695/1041  0s] Csc Library/Bee/artifacts/1900b0aE.dag/Unity.Pipeline.Editor.dll (+2 others) [CacheHit fcb071d849edcbaf658d5125e2c1fe2c00000000000000000000000000000006]
[ 716/1041  0s] Csc Library/Bee/artifacts/1900b0aE.dag/Unity.Pipeline.Editor.dll (+2 others)
[ 718/1041  0s] CopyFiles Library/ScriptAssemblies/Unity.Burst.CodeGen.dll
[ 697/1041  0s] Csc Library/Bee/artifacts/1900b0aE.dag/Unity.InferenceEngine.Microsoft.Msagl.dll (+2 others) [CacheHit 6569fa801ad348eb47de2a16b4af957300000000000000000000000000000006]
[ 719/1041  0s] Csc Library/Bee/artifacts/1900b0aE.dag/Unity.InferenceEngine.Microsoft.Msagl.dll (+2 others)
[ 698/1041  0s] Csc Library/Bee/artifacts/1900b0aE.dag/Unity.Collections.CodeGen.dll (+2 others) [CacheHit 30c7bcae42b88b35b9c34d714219372200000000000000000000000000000006]
[ 721/1041  0s] Csc Library/Bee/artifacts/1900b0aE.dag/Unity.Collections.CodeGen.dll (+2 others)
[ 701/1041  0s] Csc Library/Bee/artifacts/1900b0aE.dag/Unity.InferenceEngine.dll (+2 others) [CacheHit 17d8322943b928802852310732c71f6e00000000000000000000000000000006]
[ 726/1041  0s] Csc Library/Bee/artifacts/1900b0aE.dag/Unity.InferenceEngine.dll (+2 others)
[ 703/1041  0s] Csc Library/Bee/artifacts/1900b0aE.dag/Unity.Burst.Editor.dll (+2 others) [CacheHit 1553edd3a967cfb18dc3d76695eee92e00000000000000000000000000000006]
[ 728/1041  0s] Csc Library/Bee/artifacts/1900b0aE.dag/Unity.Burst.Editor.dll (+2 others)
[ 704/1041  0s] Csc Library/Bee/artifacts/1900b0aE.dag/Unity.Collections.Editor.dll (+2 others) [CacheHit bb8b98f6d3712a385f73898d098bfe8a00000000000000000000000000000006]
[ 730/1041  0s] Csc Library/Bee/artifacts/1900b0aE.dag/Unity.Collections.Editor.dll (+2 others)
[ 732/1041  0s] CopyFiles Library/ScriptAssemblies/Unity.Collections.CodeGen.pdb
[ 742/1041  0s] CopyFiles Library/ScriptAssemblies/Unity.Collections.CodeGen.dll
[ 716/1041  0s] Csc Library/Bee/artifacts/1900b0aE.dag/Unity.AppUI.Navigation.Editor.dll (+2 others) [CacheHit ab36b74ff6450873d2cf59efb3debd2100000000000000000000000000000006]
[ 743/1041  0s] Csc Library/Bee/artifacts/1900b0aE.dag/Unity.AppUI.Navigation.Editor.dll (+2 others)
[ 717/1041  0s] Csc Library/Bee/artifacts/1900b0aE.dag/Unity.AppUI.Redux.Editor.dll (+2 others) [CacheHit 3bbcb1a495ddbfb0878822158469dd7600000000000000000000000000000006]
[ 745/1041  0s] Csc Library/Bee/artifacts/1900b0aE.dag/Unity.AppUI.Redux.Editor.dll (+2 others)
[ 718/1041  0s] Csc Library/Bee/artifacts/1900b0aE.dag/Unity.InferenceEngine.MacBLAS.dll (+2 others) [CacheHit 2e30e6980fe2b264b617d7c9f86aac5a00000000000000000000000000000006]
[ 747/1041  0s] Csc Library/Bee/artifacts/1900b0aE.dag/Unity.InferenceEngine.MacBLAS.dll (+2 others)
[ 719/1041  0s] Csc Library/Bee/artifacts/1900b0aE.dag/Unity.InferenceEngine.ONNX.Editor.dll (+2 others) [CacheHit 1b415606c490515f14fa263eb2deff3e00000000000000000000000000000006]
[ 749/1041  0s] Csc Library/Bee/artifacts/1900b0aE.dag/Unity.InferenceEngine.ONNX.Editor.dll (+2 others)
[ 720/1041  0s] Csc Library/Bee/artifacts/1900b0aE.dag/Unity.InferenceEngine.Editor.Visualizer.dll (+2 others) [CacheHit e53580b8eb7ee2f3746cd2f5b4d8b28800000000000000000000000000000006]
[ 751/1041  0s] Csc Library/Bee/artifacts/1900b0aE.dag/Unity.InferenceEngine.Editor.Visualizer.dll (+2 others)
[ 721/1041  0s] Csc Library/Bee/artifacts/1900b0aE.dag/Unity.InferenceEngine.iOSBLAS.dll (+2 others) [CacheHit 5d78621fd84679f9a3539b7bc661ceaa00000000000000000000000000000006]
[ 753/1041  0s] Csc Library/Bee/artifacts/1900b0aE.dag/Unity.InferenceEngine.iOSBLAS.dll (+2 others)
[ 722/1041  0s] Csc Library/Bee/artifacts/1900b0aE.dag/Unity.ML-Agents.dll (+2 others) [CacheHit 02f4f7a477d8bec2e79d77da37ca305500000000000000000000000000000006]
[ 755/1041  0s] Csc Library/Bee/artifacts/1900b0aE.dag/Unity.ML-Agents.dll (+2 others)
[ 734/1041  0s] Csc Library/Bee/artifacts/1900b0aE.dag/Unity.ML-Agents.Editor.dll (+2 others) [CacheHit d5fa3a958bfea07d6528161b2f3a8b5800000000000000000000000000000006]
[ 768/1041  0s] Csc Library/Bee/artifacts/1900b0aE.dag/Unity.ML-Agents.Editor.dll (+2 others)
[ 735/1041  0s] Csc Library/Bee/artifacts/1900b0aE.dag/Unity.ML-Agents.Input.dll (+2 others) [CacheHit ddba75c0f5ddd8ec04001ea3345d0ffd00000000000000000000000000000006]
[ 770/1041  0s] Csc Library/Bee/artifacts/1900b0aE.dag/Unity.ML-Agents.Input.dll (+2 others)
[ 739/1041  0s] Csc Library/Bee/artifacts/1900b0aE.dag/Unity.ML-Agents.Editor.Input.dll (+2 others) [CacheHit f8a4f1dd2c8ce315c424770b948dffbf00000000000000000000000000000006]
[ 775/1041  0s] Csc Library/Bee/artifacts/1900b0aE.dag/Unity.ML-Agents.Editor.Input.dll (+2 others)
[ 777/1041  0s] MovedFromExtractor Library/Bee/artifacts/mvdfrm/Unity.InferenceEngine.Editor.Visualizer.ref.dll_DF84C9EF207349E4.mvfrm
[ 778/1041  0s] ILPP-Configuration Library/ilpp-configuration.nevergeneratedoutput
[ 779/1041  0s] MovedFromExtractor-Combine Library/Bee/artifacts/1900b0aE.dag/Unity.InferenceEngine.Editor.dll.mvfrm
[ 743/1041  0s] Csc Library/Bee/artifacts/1900b0aE.dag/Unity.InferenceEngine.Editor.dll (+2 others) [CacheHit f340b2558c254727fd5711b0c81b662800000000000000000000000000000006]
[ 780/1041  0s] Csc Library/Bee/artifacts/1900b0aE.dag/Unity.InferenceEngine.Editor.dll (+2 others)
[ 782/1041  0s] ILPostProcess Library/Bee/artifacts/1900b0aE.dag/post-processed/Unity.PerformanceTesting.dll (+pdb)
Processing assembly Library/Bee/artifacts/1900b0aE.dag/Unity.PerformanceTesting.dll, with 144 defines and 253 references

processors: Unity.Jobs.CodeGen.JobsILPostProcessor, Unity.Pipeline.CodeGen.HotReloadInPlaceILPostProcessor, zzzUnity.Burst.CodeGen.BurstILPostProcessor

running Unity.Jobs.CodeGen.JobsILPostProcessor

running Unity.Pipeline.CodeGen.HotReloadInPlaceILPostProcessor

running zzzUnity.Burst.CodeGen.BurstILPostProcessor
[ 783/1041  0s] ILPostProcess Library/Bee/artifacts/1900b0aE.dag/post-processed/Unity.ML-Agents.CommunicatorObjects.dll (+pdb)
Processing assembly Library/Bee/artifacts/1900b0aE.dag/Unity.ML-Agents.CommunicatorObjects.dll, with 143 defines and 256 references

processors: Unity.Jobs.CodeGen.JobsILPostProcessor, Unity.Pipeline.CodeGen.HotReloadInPlaceILPostProcessor, zzzUnity.Burst.CodeGen.BurstILPostProcessor

running Unity.Jobs.CodeGen.JobsILPostProcessor

running Unity.Pipeline.CodeGen.HotReloadInPlaceILPostProcessor

running zzzUnity.Burst.CodeGen.BurstILPostProcessor
[ 784/1041  0s] ILPostProcess Library/Bee/artifacts/1900b0aE.dag/post-processed/Unity.InferenceEngine.MacBLAS.dll (+pdb)
Processing assembly Library/Bee/artifacts/1900b0aE.dag/Unity.InferenceEngine.MacBLAS.dll, with 143 defines and 264 references

processors: Unity.Jobs.CodeGen.JobsILPostProcessor, Unity.Pipeline.CodeGen.HotReloadInPlaceILPostProcessor, zzzUnity.Burst.CodeGen.BurstILPostProcessor

running Unity.Jobs.CodeGen.JobsILPostProcessor

running Unity.Pipeline.CodeGen.HotReloadInPlaceILPostProcessor

running zzzUnity.Burst.CodeGen.BurstILPostProcessor
[ 785/1041  0s] ILPostProcess Library/Bee/artifacts/1900b0aE.dag/post-processed/Unity.ML-Agents.dll (+pdb)
Processing assembly Library/Bee/artifacts/1900b0aE.dag/Unity.ML-Agents.dll, with 144 defines and 259 references

processors: Unity.Jobs.CodeGen.JobsILPostProcessor, Unity.Pipeline.CodeGen.HotReloadInPlaceILPostProcessor, zzzUnity.Burst.CodeGen.BurstILPostProcessor

running Unity.Jobs.CodeGen.JobsILPostProcessor

running Unity.Pipeline.CodeGen.HotReloadInPlaceILPostProcessor

running zzzUnity.Burst.CodeGen.BurstILPostProcessor
[ 786/1041  0s] ILPostProcess Library/Bee/artifacts/1900b0aE.dag/post-processed/Unity.InferenceEngine.iOSBLAS.dll (+pdb)
Processing assembly Library/Bee/artifacts/1900b0aE.dag/Unity.InferenceEngine.iOSBLAS.dll, with 143 defines and 264 references

processors: Unity.Jobs.CodeGen.JobsILPostProcessor, Unity.Pipeline.CodeGen.HotReloadInPlaceILPostProcessor, zzzUnity.Burst.CodeGen.BurstILPostProcessor

running Unity.Jobs.CodeGen.JobsILPostProcessor

running Unity.Pipeline.CodeGen.HotReloadInPlaceILPostProcessor

running zzzUnity.Burst.CodeGen.BurstILPostProcessor
[ 787/1041  0s] ILPostProcess Library/Bee/artifacts/1900b0aE.dag/post-processed/Unity.InferenceEngine.Tokenization.dll (+pdb)
Processing assembly Library/Bee/artifacts/1900b0aE.dag/Unity.InferenceEngine.Tokenization.dll, with 143 defines and 254 references

processors: Unity.Jobs.CodeGen.JobsILPostProcessor, Unity.Pipeline.CodeGen.HotReloadInPlaceILPostProcessor, zzzUnity.Burst.CodeGen.BurstILPostProcessor

running Unity.Jobs.CodeGen.JobsILPostProcessor

running Unity.Pipeline.CodeGen.HotReloadInPlaceILPostProcessor

running zzzUnity.Burst.CodeGen.BurstILPostProcessor
[ 788/1041  0s] ILPostProcess Library/Bee/artifacts/1900b0aE.dag/post-processed/Unity.AppUI.Navigation.dll (+pdb)
Processing assembly Library/Bee/artifacts/1900b0aE.dag/Unity.AppUI.Navigation.dll, with 145 defines and 263 references

processors: Unity.Jobs.CodeGen.JobsILPostProcessor, Unity.Pipeline.CodeGen.HotReloadInPlaceILPostProcessor, zzzUnity.Burst.CodeGen.BurstILPostProcessor

running Unity.Jobs.CodeGen.JobsILPostProcessor

running Unity.Pipeline.CodeGen.HotReloadInPlaceILPostProcessor

running zzzUnity.Burst.CodeGen.BurstILPostProcessor
[ 789/1041  0s] ILPostProcess Library/Bee/artifacts/1900b0aE.dag/post-processed/Unity.AppUI.Undo.dll (+pdb)
Processing assembly Library/Bee/artifacts/1900b0aE.dag/Unity.AppUI.Undo.dll, with 143 defines and 261 references

processors: Unity.Jobs.CodeGen.JobsILPostProcessor, Unity.Pipeline.CodeGen.HotReloadInPlaceILPostProcessor, zzzUnity.Burst.CodeGen.BurstILPostProcessor

running Unity.Jobs.CodeGen.JobsILPostProcessor

running Unity.Pipeline.CodeGen.HotReloadInPlaceILPostProcessor

running zzzUnity.Burst.CodeGen.BurstILPostProcessor
[ 790/1041  0s] ILPostProcess Library/Bee/artifacts/1900b0aE.dag/post-processed/Unity.Pipeline.dll (+pdb)
Processing assembly Library/Bee/artifacts/1900b0aE.dag/Unity.Pipeline.dll, with 143 defines and 257 references

processors: Unity.Jobs.CodeGen.JobsILPostProcessor, Unity.Pipeline.CodeGen.HotReloadInPlaceILPostProcessor, zzzUnity.Burst.CodeGen.BurstILPostProcessor

running Unity.Jobs.CodeGen.JobsILPostProcessor

running Unity.Pipeline.CodeGen.HotReloadInPlaceILPostProcessor

running zzzUnity.Burst.CodeGen.BurstILPostProcessor
[ 791/1041  0s] ILPostProcess Library/Bee/artifacts/1900b0aE.dag/post-processed/Unity.AppUI.MVVM.dll (+pdb)
Processing assembly Library/Bee/artifacts/1900b0aE.dag/Unity.AppUI.MVVM.dll, with 144 defines and 263 references

processors: Unity.Jobs.CodeGen.JobsILPostProcessor, Unity.Pipeline.CodeGen.HotReloadInPlaceILPostProcessor, zzzUnity.Burst.CodeGen.BurstILPostProcessor

running Unity.Jobs.CodeGen.JobsILPostProcessor

running Unity.Pipeline.CodeGen.HotReloadInPlaceILPostProcessor

running zzzUnity.Burst.CodeGen.BurstILPostProcessor
[ 792/1041  0s] ILPostProcess Library/Bee/artifacts/1900b0aE.dag/post-processed/Unity.Pipeline.IlInterpreter.dll (+pdb)
Processing assembly Library/Bee/artifacts/1900b0aE.dag/Unity.Pipeline.IlInterpreter.dll, with 143 defines and 263 references

processors: Unity.Jobs.CodeGen.JobsILPostProcessor, Unity.Pipeline.CodeGen.HotReloadInPlaceILPostProcessor, zzzUnity.Burst.CodeGen.BurstILPostProcessor

running Unity.Jobs.CodeGen.JobsILPostProcessor

running Unity.Pipeline.CodeGen.HotReloadInPlaceILPostProcessor

running zzzUnity.Burst.CodeGen.BurstILPostProcessor
[ 793/1041  0s] ILPostProcess Library/Bee/artifacts/1900b0aE.dag/post-processed/Unity.Mathematics.dll (+pdb)
Processing assembly Library/Bee/artifacts/1900b0aE.dag/Unity.Mathematics.dll, with 143 defines and 263 references

processors: Unity.Jobs.CodeGen.JobsILPostProcessor, Unity.Pipeline.CodeGen.HotReloadInPlaceILPostProcessor, zzzUnity.Burst.CodeGen.BurstILPostProcessor

running Unity.Jobs.CodeGen.JobsILPostProcessor

running Unity.Pipeline.CodeGen.HotReloadInPlaceILPostProcessor

running zzzUnity.Burst.CodeGen.BurstILPostProcessor
[ 794/1041  0s] ILPostProcess Library/Bee/artifacts/1900b0aE.dag/post-processed/Unity.AppUI.dll (+pdb)
Processing assembly Library/Bee/artifacts/1900b0aE.dag/Unity.AppUI.dll, with 151 defines and 262 references

processors: Unity.Jobs.CodeGen.JobsILPostProcessor, Unity.Pipeline.CodeGen.HotReloadInPlaceILPostProcessor, zzzUnity.Burst.CodeGen.BurstILPostProcessor

running Unity.Jobs.CodeGen.JobsILPostProcessor

running Unity.Pipeline.CodeGen.HotReloadInPlaceILPostProcessor

running zzzUnity.Burst.CodeGen.BurstILPostProcessor
[ 795/1041  0s] ILPostProcess Library/Bee/artifacts/1900b0aE.dag/post-processed/Unity.AppUI.InternalAPIBridge.dll (+pdb)
Processing assembly Library/Bee/artifacts/1900b0aE.dag/Unity.AppUI.InternalAPIBridge.dll, with 144 defines and 261 references

processors: Unity.Jobs.CodeGen.JobsILPostProcessor, Unity.Pipeline.CodeGen.HotReloadInPlaceILPostProcessor, zzzUnity.Burst.CodeGen.BurstILPostProcessor

running Unity.Jobs.CodeGen.JobsILPostProcessor

running Unity.Pipeline.CodeGen.HotReloadInPlaceILPostProcessor

running zzzUnity.Burst.CodeGen.BurstILPostProcessor
[ 796/1041  0s] ILPostProcess Library/Bee/artifacts/1900b0aE.dag/post-processed/Unity.AppUI.Redux.dll (+pdb)
Processing assembly Library/Bee/artifacts/1900b0aE.dag/Unity.AppUI.Redux.dll, with 143 defines and 263 references

processors: Unity.Jobs.CodeGen.JobsILPostProcessor, Unity.Pipeline.CodeGen.HotReloadInPlaceILPostProcessor, zzzUnity.Burst.CodeGen.BurstILPostProcessor

running Unity.Jobs.CodeGen.JobsILPostProcessor

running Unity.Pipeline.CodeGen.HotReloadInPlaceILPostProcessor

running zzzUnity.Burst.CodeGen.BurstILPostProcessor
[ 797/1041  0s] ILPostProcess Library/Bee/artifacts/1900b0aE.dag/post-processed/Unity.ML-Agents.Input.dll (+pdb)
Processing assembly Library/Bee/artifacts/1900b0aE.dag/Unity.ML-Agents.Input.dll, with 143 defines and 265 references

processors: Unity.Jobs.CodeGen.JobsILPostProcessor, Unity.Pipeline.CodeGen.HotReloadInPlaceILPostProcessor, zzzUnity.Burst.CodeGen.BurstILPostProcessor

running Unity.Jobs.CodeGen.JobsILPostProcessor

running Unity.Pipeline.CodeGen.HotReloadInPlaceILPostProcessor

running zzzUnity.Burst.CodeGen.BurstILPostProcessor
[ 798/1041  0s] ILPostProcess Library/Bee/artifacts/1900b0aE.dag/post-processed/Unity.ML-Agents.Editor.Input.dll (+pdb)
Processing assembly Library/Bee/artifacts/1900b0aE.dag/Unity.ML-Agents.Editor.Input.dll, with 141 defines and 301 references

processors: Unity.Jobs.CodeGen.JobsILPostProcessor, Unity.Pipeline.CodeGen.HotReloadInPlaceILPostProcessor, zzzUnity.Burst.CodeGen.BurstILPostProcessor

running Unity.Jobs.CodeGen.JobsILPostProcessor

running Unity.Pipeline.CodeGen.HotReloadInPlaceILPostProcessor

running zzzUnity.Burst.CodeGen.BurstILPostProcessor
[ 799/1041  0s] ILPostProcess Library/Bee/artifacts/1900b0aE.dag/post-processed/Unity.ML-Agents.Editor.dll (+pdb)
Processing assembly Library/Bee/artifacts/1900b0aE.dag/Unity.ML-Agents.Editor.dll, with 142 defines and 292 references

processors: Unity.Jobs.CodeGen.JobsILPostProcessor, Unity.Pipeline.CodeGen.HotReloadInPlaceILPostProcessor, zzzUnity.Burst.CodeGen.BurstILPostProcessor

running Unity.Jobs.CodeGen.JobsILPostProcessor

running Unity.Pipeline.CodeGen.HotReloadInPlaceILPostProcessor

running zzzUnity.Burst.CodeGen.BurstILPostProcessor
[ 800/1041  0s] ILPostProcess Library/Bee/artifacts/1900b0aE.dag/post-processed/Unity.PerformanceTesting.Editor.dll (+pdb)
Processing assembly Library/Bee/artifacts/1900b0aE.dag/Unity.PerformanceTesting.Editor.dll, with 142 defines and 289 references

processors: Unity.Jobs.CodeGen.JobsILPostProcessor, Unity.Pipeline.CodeGen.HotReloadInPlaceILPostProcessor, zzzUnity.Burst.CodeGen.BurstILPostProcessor

running Unity.Jobs.CodeGen.JobsILPostProcessor

running Unity.Pipeline.CodeGen.HotReloadInPlaceILPostProcessor

running zzzUnity.Burst.CodeGen.BurstILPostProcessor
[ 801/1041  0s] ILPostProcess Library/Bee/artifacts/1900b0aE.dag/post-processed/Unity.Pipeline.Editor.dll (+pdb)
Processing assembly Library/Bee/artifacts/1900b0aE.dag/Unity.Pipeline.Editor.dll, with 141 defines and 300 references

processors: Unity.Jobs.CodeGen.JobsILPostProcessor, Unity.Pipeline.CodeGen.HotReloadInPlaceILPostProcessor, zzzUnity.Burst.CodeGen.BurstILPostProcessor

running Unity.Jobs.CodeGen.JobsILPostProcessor

running Unity.Pipeline.CodeGen.HotReloadInPlaceILPostProcessor

running zzzUnity.Burst.CodeGen.BurstILPostProcessor
[ 802/1041  0s] ILPostProcess Library/Bee/artifacts/1900b0aE.dag/post-processed/Unity.AppUI.Redux.Editor.dll (+pdb)
Processing assembly Library/Bee/artifacts/1900b0aE.dag/Unity.AppUI.Redux.Editor.dll, with 144 defines and 292 references

processors: Unity.Jobs.CodeGen.JobsILPostProcessor, Unity.Pipeline.CodeGen.HotReloadInPlaceILPostProcessor, zzzUnity.Burst.CodeGen.BurstILPostProcessor

running Unity.Jobs.CodeGen.JobsILPostProcessor

running Unity.Pipeline.CodeGen.HotReloadInPlaceILPostProcessor

running zzzUnity.Burst.CodeGen.BurstILPostProcessor
[ 803/1041  0s] ILPostProcess Library/Bee/artifacts/1900b0aE.dag/post-processed/Unity.AppUI.Editor.dll (+pdb)
Processing assembly Library/Bee/artifacts/1900b0aE.dag/Unity.AppUI.Editor.dll, with 144 defines and 300 references

processors: Unity.Jobs.CodeGen.JobsILPostProcessor, Unity.Pipeline.CodeGen.HotReloadInPlaceILPostProcessor, zzzUnity.Burst.CodeGen.BurstILPostProcessor

running Unity.Jobs.CodeGen.JobsILPostProcessor

running Unity.Pipeline.CodeGen.HotReloadInPlaceILPostProcessor

running zzzUnity.Burst.CodeGen.BurstILPostProcessor
[ 804/1041  0s] ILPostProcess Library/Bee/artifacts/1900b0aE.dag/post-processed/Unity.AppUI.Navigation.Editor.dll (+pdb)
Processing assembly Library/Bee/artifacts/1900b0aE.dag/Unity.AppUI.Navigation.Editor.dll, with 142 defines and 302 references

processors: Unity.Jobs.CodeGen.JobsILPostProcessor, Unity.Pipeline.CodeGen.HotReloadInPlaceILPostProcessor, zzzUnity.Burst.CodeGen.BurstILPostProcessor

running Unity.Jobs.CodeGen.JobsILPostProcessor

running Unity.Pipeline.CodeGen.HotReloadInPlaceILPostProcessor

running zzzUnity.Burst.CodeGen.BurstILPostProcessor
[ 805/1041  0s] CopyFiles Library/ScriptAssemblies/Unity.Pipeline.IlInterpreter.dll
[ 806/1041  0s] CopyFiles Library/ScriptAssemblies/Unity.AppUI.dll
[ 807/1041  0s] CopyFiles Library/ScriptAssemblies/Unity.InferenceEngine.Tokenization.dll
[ 808/1041  0s] CopyFiles Library/ScriptAssemblies/Unity.Mathematics.dll
[ 809/1041  0s] CopyFiles Library/ScriptAssemblies/Unity.ML-Agents.CommunicatorObjects.dll
[ 810/1041  0s] CopyFiles Library/ScriptAssemblies/Unity.InferenceEngine.iOSBLAS.dll
[ 811/1041  0s] CopyFiles Library/ScriptAssemblies/Unity.InferenceEngine.MacBLAS.dll
[ 812/1041  0s] CopyFiles Library/ScriptAssemblies/Unity.ML-Agents.dll
[ 813/1041  0s] CopyFiles Library/ScriptAssemblies/Unity.AppUI.MVVM.dll
[ 814/1041  0s] CopyFiles Library/ScriptAssemblies/Unity.Pipeline.dll
[ 815/1041  0s] CopyFiles Library/ScriptAssemblies/Unity.PerformanceTesting.dll
[ 816/1041  0s] CopyFiles Library/ScriptAssemblies/Unity.ML-Agents.Input.dll
[ 817/1041  0s] CopyFiles Library/ScriptAssemblies/Unity.AppUI.Undo.dll
[ 818/1041  0s] CopyFiles Library/ScriptAssemblies/Unity.AppUI.Redux.dll
[ 819/1041  0s] CopyFiles Library/ScriptAssemblies/Unity.AppUI.Navigation.dll
[ 820/1041  0s] CopyFiles Library/ScriptAssemblies/Unity.AppUI.InternalAPIBridge.dll
[ 821/1041  0s] CopyFiles Library/ScriptAssemblies/Unity.AppUI.Redux.Editor.dll
[ 822/1041  0s] CopyFiles Library/ScriptAssemblies/Unity.AppUI.Redux.Editor.pdb
[ 823/1041  0s] CopyFiles Library/ScriptAssemblies/Unity.Pipeline.Editor.dll
[ 824/1041  0s] CopyFiles Library/ScriptAssemblies/Unity.Pipeline.Editor.pdb
[ 825/1041  0s] CopyFiles Library/ScriptAssemblies/Unity.PerformanceTesting.Editor.dll
[ 826/1041  0s] CopyFiles Library/ScriptAssemblies/Unity.PerformanceTesting.Editor.pdb
[ 827/1041  0s] CopyFiles Library/ScriptAssemblies/Unity.ML-Agents.Editor.pdb
[ 828/1041  0s] CopyFiles Library/ScriptAssemblies/Unity.ML-Agents.Editor.dll
[ 829/1041  0s] CopyFiles Library/ScriptAssemblies/Unity.ML-Agents.Editor.Input.pdb
[ 830/1041  0s] CopyFiles Library/ScriptAssemblies/Unity.ML-Agents.Editor.Input.dll
[ 831/1041  0s] CopyFiles Library/ScriptAssemblies/Unity.ML-Agents.Input.pdb
[ 832/1041  0s] CopyFiles Library/ScriptAssemblies/Unity.AppUI.Redux.pdb
[ 833/1041  0s] CopyFiles Library/ScriptAssemblies/Unity.AppUI.InternalAPIBridge.pdb
[ 834/1041  0s] CopyFiles Library/ScriptAssemblies/Unity.AppUI.pdb
[ 835/1041  0s] CopyFiles Library/ScriptAssemblies/Unity.Mathematics.pdb
[ 836/1041  0s] CopyFiles Library/ScriptAssemblies/Unity.AppUI.Editor.pdb
[ 837/1041  0s] CopyFiles Library/ScriptAssemblies/Unity.Pipeline.IlInterpreter.pdb
[ 838/1041  0s] CopyFiles Library/ScriptAssemblies/Unity.Pipeline.pdb
[ 839/1041  0s] CopyFiles Library/ScriptAssemblies/Unity.AppUI.MVVM.pdb
[ 840/1041  0s] CopyFiles Library/ScriptAssemblies/Unity.AppUI.Undo.pdb
[ 841/1041  0s] CopyFiles Library/ScriptAssemblies/Unity.AppUI.Navigation.pdb
[ 842/1041  0s] CopyFiles Library/ScriptAssemblies/Unity.InferenceEngine.Tokenization.pdb
[ 843/1041  0s] CopyFiles Library/ScriptAssemblies/Unity.InferenceEngine.iOSBLAS.pdb
[ 844/1041  0s] CopyFiles Library/ScriptAssemblies/Unity.ML-Agents.pdb
[ 845/1041  0s] CopyFiles Library/ScriptAssemblies/Unity.InferenceEngine.MacBLAS.pdb
[ 846/1041  0s] CopyFiles Library/ScriptAssemblies/Unity.ML-Agents.CommunicatorObjects.pdb
[ 847/1041  0s] CopyFiles Library/ScriptAssemblies/Unity.PerformanceTesting.pdb
[ 848/1041  0s] CopyFiles Library/ScriptAssemblies/Unity.AppUI.Navigation.Editor.pdb
[ 849/1041  0s] ILPostProcess Library/Bee/artifacts/1900b0aE.dag/post-processed/Unity.InferenceEngine.ONNX.Editor.dll (+pdb)
Processing assembly Library/Bee/artifacts/1900b0aE.dag/Unity.InferenceEngine.ONNX.Editor.dll, with 141 defines and 289 references

processors: Unity.Jobs.CodeGen.JobsILPostProcessor, Unity.Pipeline.CodeGen.HotReloadInPlaceILPostProcessor, zzzUnity.Burst.CodeGen.BurstILPostProcessor

running Unity.Jobs.CodeGen.JobsILPostProcessor

running Unity.Pipeline.CodeGen.HotReloadInPlaceILPostProcessor

running zzzUnity.Burst.CodeGen.BurstILPostProcessor
[ 850/1041  0s] CopyFiles Library/ScriptAssemblies/Unity.AppUI.Navigation.Editor.dll
[ 851/1041  0s] CopyFiles Library/ScriptAssemblies/Unity.InferenceEngine.ONNX.Editor.dll
[ 852/1041  0s] CopyFiles Library/ScriptAssemblies/Unity.InferenceEngine.ONNX.Editor.pdb
[ 853/1041  0s] CopyFiles Library/ScriptAssemblies/Unity.AppUI.Editor.dll
[ 854/1041  0s] ILPostProcess Library/Bee/artifacts/1900b0aE.dag/post-processed/Unity.Burst.Editor.dll (+pdb)
Processing assembly Library/Bee/artifacts/1900b0aE.dag/Unity.Burst.Editor.dll, with 141 defines and 299 references

processors: Unity.Jobs.CodeGen.JobsILPostProcessor, Unity.Pipeline.CodeGen.HotReloadInPlaceILPostProcessor, zzzUnity.Burst.CodeGen.BurstILPostProcessor

running Unity.Jobs.CodeGen.JobsILPostProcessor

running Unity.Pipeline.CodeGen.HotReloadInPlaceILPostProcessor

running zzzUnity.Burst.CodeGen.BurstILPostProcessor
[ 855/1041  0s] ILPostProcess Library/Bee/artifacts/1900b0aE.dag/post-processed/Unity.InferenceEngine.Microsoft.Msagl.dll (+pdb)
Processing assembly Library/Bee/artifacts/1900b0aE.dag/Unity.InferenceEngine.Microsoft.Msagl.dll, with 141 defines and 298 references

processors: Unity.Jobs.CodeGen.JobsILPostProcessor, Unity.Pipeline.CodeGen.HotReloadInPlaceILPostProcessor, zzzUnity.Burst.CodeGen.BurstILPostProcessor

running Unity.Jobs.CodeGen.JobsILPostProcessor

running Unity.Pipeline.CodeGen.HotReloadInPlaceILPostProcessor

running zzzUnity.Burst.CodeGen.BurstILPostProcessor
[ 856/1041  0s] ILPostProcess Library/Bee/artifacts/1900b0aE.dag/post-processed/Unity.InferenceEngine.Editor.Visualizer.dll (+pdb)
Processing assembly Library/Bee/artifacts/1900b0aE.dag/Unity.InferenceEngine.Editor.Visualizer.dll, with 141 defines and 305 references

processors: Unity.Jobs.CodeGen.JobsILPostProcessor, Unity.Pipeline.CodeGen.HotReloadInPlaceILPostProcessor, zzzUnity.Burst.CodeGen.BurstILPostProcessor

running Unity.Jobs.CodeGen.JobsILPostProcessor

running Unity.Pipeline.CodeGen.HotReloadInPlaceILPostProcessor

running zzzUnity.Burst.CodeGen.BurstILPostProcessor
[ 857/1041  0s] CopyFiles Library/ScriptAssemblies/Unity.Burst.Editor.pdb
[ 858/1041  0s] CopyFiles Library/ScriptAssemblies/Unity.InferenceEngine.Microsoft.Msagl.pdb
[ 859/1041  0s] CopyFiles Library/ScriptAssemblies/Unity.InferenceEngine.Editor.Visualizer.pdb
[ 860/1041  0s] ILPostProcess Library/Bee/artifacts/1900b0aE.dag/post-processed/Unity.InferenceEngine.Editor.dll (+pdb)
Processing assembly Library/Bee/artifacts/1900b0aE.dag/Unity.InferenceEngine.Editor.dll, with 141 defines and 295 references

processors: Unity.Jobs.CodeGen.JobsILPostProcessor, Unity.Pipeline.CodeGen.HotReloadInPlaceILPostProcessor, zzzUnity.Burst.CodeGen.BurstILPostProcessor

running Unity.Jobs.CodeGen.JobsILPostProcessor

running Unity.Pipeline.CodeGen.HotReloadInPlaceILPostProcessor

running zzzUnity.Burst.CodeGen.BurstILPostProcessor
[ 861/1041  0s] ILPostProcess Library/Bee/artifacts/1900b0aE.dag/post-processed/Unity.Collections.Editor.dll (+pdb)
Processing assembly Library/Bee/artifacts/1900b0aE.dag/Unity.Collections.Editor.dll, with 142 defines and 299 references

processors: Unity.Jobs.CodeGen.JobsILPostProcessor, Unity.Pipeline.CodeGen.HotReloadInPlaceILPostProcessor, zzzUnity.Burst.CodeGen.BurstILPostProcessor

running Unity.Jobs.CodeGen.JobsILPostProcessor

running Unity.Pipeline.CodeGen.HotReloadInPlaceILPostProcessor

running zzzUnity.Burst.CodeGen.BurstILPostProcessor
[ 862/1041  1s] Csc Library/Bee/artifacts/1900b0aE.dag/Picklebot.FrameworkSmoke.dll (+2 others)
[ 863/1041  1s] Csc Library/Bee/artifacts/1900b0aE.dag/Picklebot.PlayerControls.dll (+2 others)
[ 864/1041  1s] Csc Library/Bee/artifacts/1900b0aE.dag/Picklebot.Rally.dll (+2 others)
[ 865/1041  1s] Csc Library/Bee/artifacts/1900b0aE.dag/Picklebot.Core.dll (+2 others)
[ 866/1041  0s] CopyFiles Library/ScriptAssemblies/Unity.InferenceEngine.Microsoft.Msagl.dll
[ 867/1041  0s] CopyFiles Library/ScriptAssemblies/Unity.InferenceEngine.Editor.pdb
[ 868/1041  0s] CopyFiles Library/ScriptAssemblies/Unity.InferenceEngine.Editor.dll
[ 869/1041  0s] CopyFiles Library/ScriptAssemblies/Unity.Collections.Editor.dll
[ 870/1041  0s] CopyFiles Library/ScriptAssemblies/Unity.Collections.Editor.pdb
[ 871/1041  0s] CopyFiles Library/ScriptAssemblies/Unity.InferenceEngine.Editor.Visualizer.dll
[ 872/1041  0s] CopyFiles Library/ScriptAssemblies/Unity.Burst.Editor.dll
[ 873/1041  0s] ILPostProcess Library/Bee/artifacts/1900b0aE.dag/post-processed/Picklebot.PlayerControls.dll (+pdb)
Processing assembly Library/Bee/artifacts/1900b0aE.dag/Picklebot.PlayerControls.dll, with 143 defines and 263 references

processors: Unity.Jobs.CodeGen.JobsILPostProcessor, Unity.Pipeline.CodeGen.HotReloadInPlaceILPostProcessor, zzzUnity.Burst.CodeGen.BurstILPostProcessor

running Unity.Jobs.CodeGen.JobsILPostProcessor

running Unity.Pipeline.CodeGen.HotReloadInPlaceILPostProcessor

running zzzUnity.Burst.CodeGen.BurstILPostProcessor
[ 874/1041  0s] ILPostProcess Library/Bee/artifacts/1900b0aE.dag/post-processed/Picklebot.FrameworkSmoke.dll (+pdb)
Processing assembly Library/Bee/artifacts/1900b0aE.dag/Picklebot.FrameworkSmoke.dll, with 143 defines and 264 references

processors: Unity.Jobs.CodeGen.JobsILPostProcessor, Unity.Pipeline.CodeGen.HotReloadInPlaceILPostProcessor, zzzUnity.Burst.CodeGen.BurstILPostProcessor

running Unity.Jobs.CodeGen.JobsILPostProcessor

running Unity.Pipeline.CodeGen.HotReloadInPlaceILPostProcessor

running zzzUnity.Burst.CodeGen.BurstILPostProcessor
[ 875/1041  0s] ILPostProcess Library/Bee/artifacts/1900b0aE.dag/post-processed/Picklebot.Rally.dll (+pdb)
Processing assembly Library/Bee/artifacts/1900b0aE.dag/Picklebot.Rally.dll, with 143 defines and 263 references

processors: Unity.Jobs.CodeGen.JobsILPostProcessor, Unity.Pipeline.CodeGen.HotReloadInPlaceILPostProcessor, zzzUnity.Burst.CodeGen.BurstILPostProcessor

running Unity.Jobs.CodeGen.JobsILPostProcessor

running Unity.Pipeline.CodeGen.HotReloadInPlaceILPostProcessor

running zzzUnity.Burst.CodeGen.BurstILPostProcessor
[ 876/1041  0s] ILPostProcess Library/Bee/artifacts/1900b0aE.dag/post-processed/Picklebot.Core.dll (+pdb)
Processing assembly Library/Bee/artifacts/1900b0aE.dag/Picklebot.Core.dll, with 143 defines and 263 references

processors: Unity.Jobs.CodeGen.JobsILPostProcessor, Unity.Pipeline.CodeGen.HotReloadInPlaceILPostProcessor, zzzUnity.Burst.CodeGen.BurstILPostProcessor

running Unity.Jobs.CodeGen.JobsILPostProcessor

running Unity.Pipeline.CodeGen.HotReloadInPlaceILPostProcessor

running zzzUnity.Burst.CodeGen.BurstILPostProcessor
[ 877/1041  0s] CopyFiles Library/ScriptAssemblies/Picklebot.PlayerControls.pdb
[ 878/1041  0s] CopyFiles Library/ScriptAssemblies/Picklebot.FrameworkSmoke.dll
[ 879/1041  0s] CopyFiles Library/ScriptAssemblies/Picklebot.FrameworkSmoke.pdb
[ 880/1041  0s] CopyFiles Library/ScriptAssemblies/Picklebot.Rally.pdb
[ 881/1041  0s] CopyFiles Library/ScriptAssemblies/Picklebot.Core.pdb
[ 882/1041  0s] CopyFiles Library/ScriptAssemblies/Picklebot.Rally.dll
[ 883/1041  0s] CopyFiles Library/ScriptAssemblies/Picklebot.Core.dll
[ 884/1041  0s] CopyFiles Library/ScriptAssemblies/Picklebot.PlayerControls.dll
[ 885/1041  0s] Csc Library/Bee/artifacts/1900b0aE.dag/Picklebot.Competition.dll (+2 others)
Assets\Picklebot\Competition\CompetitiveContacts.cs(6,33): warning UAC1001: Field 'World' type 'Picklebot.Competition.CompetitiveWorld' is skipped by serialization (missing the [Serializable] attribute). Refer to the Serialization rules analyzer reference. (https://docs.unity3d.com/6000.5/Documentation/Manual/script-serialization-analyzer.html#uac1001)
[ 886/1041  0s] Csc Library/Bee/artifacts/1900b0aE.dag/Picklebot.PlayerControls.Editor.dll (+2 others)
[ 887/1041  0s] Csc Library/Bee/artifacts/1900b0aE.dag/Picklebot.Rally.Tests.dll (+2 others)
[ 888/1041  0s] Csc Library/Bee/artifacts/1900b0aE.dag/Picklebot.Simulation.dll (+2 others)
[ 889/1041  0s] Csc Library/Bee/artifacts/1900b0aE.dag/Picklebot.Evaluation.dll (+2 others)
[ 890/1041  0s] Csc Library/Bee/artifacts/1900b0aE.dag/Picklebot.Rally.Editor.dll (+2 others)
[ 891/1041  0s] ILPostProcess Library/Bee/artifacts/1900b0aE.dag/post-processed/Picklebot.PlayerControls.Editor.dll (+pdb)
Processing assembly Library/Bee/artifacts/1900b0aE.dag/Picklebot.PlayerControls.Editor.dll, with 141 defines and 299 references

processors: Unity.Jobs.CodeGen.JobsILPostProcessor, Unity.Pipeline.CodeGen.HotReloadInPlaceILPostProcessor, zzzUnity.Burst.CodeGen.BurstILPostProcessor

running Unity.Jobs.CodeGen.JobsILPostProcessor

running Unity.Pipeline.CodeGen.HotReloadInPlaceILPostProcessor

running zzzUnity.Burst.CodeGen.BurstILPostProcessor
[ 892/1041  0s] ILPostProcess Library/Bee/artifacts/1900b0aE.dag/post-processed/Picklebot.Competition.dll (+pdb)
Processing assembly Library/Bee/artifacts/1900b0aE.dag/Picklebot.Competition.dll, with 143 defines and 264 references

processors: Unity.Jobs.CodeGen.JobsILPostProcessor, Unity.Pipeline.CodeGen.HotReloadInPlaceILPostProcessor, zzzUnity.Burst.CodeGen.BurstILPostProcessor

running Unity.Jobs.CodeGen.JobsILPostProcessor

running Unity.Pipeline.CodeGen.HotReloadInPlaceILPostProcessor

running zzzUnity.Burst.CodeGen.BurstILPostProcessor
[ 893/1041  0s] Csc Library/Bee/artifacts/1900b0aE.dag/Picklebot.Competition.PlayTests.dll (+2 others)
[ 894/1041  0s] Csc Library/Bee/artifacts/1900b0aE.dag/Picklebot.Competition.Tests.dll (+2 others)
[ 895/1041  0s] Csc Library/Bee/artifacts/1900b0aE.dag/Picklebot.Competition.Editor.dll (+2 others)
[ 896/1041  0s] Csc Library/Bee/artifacts/1900b0aE.dag/Picklebot.Training.dll (+2 others)
[ 897/1041  0s] Csc Library/Bee/artifacts/1900b0aE.dag/Picklebot.Inspection.dll (+2 others)
Assets\Picklebot\Inspection\InspectionContacts.cs(6,32): warning UAC1001: Field 'World' type 'Picklebot.Inspection.InspectionWorld' is skipped by serialization (missing the [Serializable] attribute). Refer to the Serialization rules analyzer reference. (https://docs.unity3d.com/6000.5/Documentation/Manual/script-serialization-analyzer.html#uac1001)
[ 898/1041  0s] ILPostProcess Library/Bee/artifacts/1900b0aE.dag/post-processed/Picklebot.Rally.Tests.dll (+pdb)
Processing assembly Library/Bee/artifacts/1900b0aE.dag/Picklebot.Rally.Tests.dll, with 141 defines and 289 references

processors: Unity.Jobs.CodeGen.JobsILPostProcessor, Unity.Pipeline.CodeGen.HotReloadInPlaceILPostProcessor, zzzUnity.Burst.CodeGen.BurstILPostProcessor

running Unity.Jobs.CodeGen.JobsILPostProcessor

running Unity.Pipeline.CodeGen.HotReloadInPlaceILPostProcessor

running zzzUnity.Burst.CodeGen.BurstILPostProcessor
[ 899/1041  0s] Csc Library/Bee/artifacts/1900b0aE.dag/Picklebot.Tests.EditMode.dll (+2 others)
[ 900/1041  0s] Csc Library/Bee/artifacts/1900b0aE.dag/Picklebot.Doubles.dll (+2 others)
Assets\Picklebot\Doubles\DoublesWorld.cs(201,29): warning UAC1001: Field 'World' type 'Picklebot.Doubles.DoublesWorld' is skipped by serialization (missing the [Serializable] attribute). Refer to the Serialization rules analyzer reference. (https://docs.unity3d.com/6000.5/Documentation/Manual/script-serialization-analyzer.html#uac1001)
[ 901/1041  0s] Csc Library/Bee/artifacts/1900b0aE.dag/Picklebot.Tests.PlayMode.dll (+2 others)
[ 902/1041  0s] Csc Library/Bee/artifacts/1900b0aE.dag/Picklebot.Tests.Phase1B.PlayMode.dll (+2 others)
[ 903/1041  0s] Csc Library/Bee/artifacts/1900b0aE.dag/Picklebot.Museum.dll (+2 others)
[ 904/1041  0s] Csc Library/Bee/artifacts/1900b0aE.dag/Picklebot.Tests.Phase1A.PlayMode.dll (+2 others)
[ 905/1041  0s] ILPostProcess Library/Bee/artifacts/1900b0aE.dag/post-processed/Picklebot.Evaluation.dll (+pdb)
Processing assembly Library/Bee/artifacts/1900b0aE.dag/Picklebot.Evaluation.dll, with 143 defines and 264 references

processors: Unity.Jobs.CodeGen.JobsILPostProcessor, Unity.Pipeline.CodeGen.HotReloadInPlaceILPostProcessor, zzzUnity.Burst.CodeGen.BurstILPostProcessor

running Unity.Jobs.CodeGen.JobsILPostProcessor

running Unity.Pipeline.CodeGen.HotReloadInPlaceILPostProcessor

running zzzUnity.Burst.CodeGen.BurstILPostProcessor
[ 906/1041  0s] ILPostProcess Library/Bee/artifacts/1900b0aE.dag/post-processed/Picklebot.Competition.PlayTests.dll (+pdb)
Processing assembly Library/Bee/artifacts/1900b0aE.dag/Picklebot.Competition.PlayTests.dll, with 143 defines and 256 references

processors: Unity.Jobs.CodeGen.JobsILPostProcessor, Unity.Pipeline.CodeGen.HotReloadInPlaceILPostProcessor, zzzUnity.Burst.CodeGen.BurstILPostProcessor

running Unity.Jobs.CodeGen.JobsILPostProcessor

running Unity.Pipeline.CodeGen.HotReloadInPlaceILPostProcessor

running zzzUnity.Burst.CodeGen.BurstILPostProcessor
[ 907/1041  0s] Csc Library/Bee/artifacts/1900b0aE.dag/Picklebot.Tests.Phase1B.EditMode.dll (+2 others)
[ 908/1041  1s] ILPostProcess Library/Bee/artifacts/1900b0aE.dag/post-processed/Unity.Collections.dll (+pdb)
Processing assembly Library/Bee/artifacts/1900b0aE.dag/Unity.Collections.dll, with 145 defines and 265 references

processors: Unity.Jobs.CodeGen.JobsILPostProcessor, Unity.Pipeline.CodeGen.HotReloadInPlaceILPostProcessor, zzzUnity.Burst.CodeGen.BurstILPostProcessor

running Unity.Jobs.CodeGen.JobsILPostProcessor

running Unity.Pipeline.CodeGen.HotReloadInPlaceILPostProcessor

running zzzUnity.Burst.CodeGen.BurstILPostProcessor
[ 909/1041  0s] Csc Library/Bee/artifacts/1900b0aE.dag/Picklebot.Tests.Phase1C0.PlayMode.dll (+2 others)
[ 910/1041  0s] Csc Library/Bee/artifacts/1900b0aE.dag/Picklebot.Tests.Phase1A.EditMode.dll (+2 others)
[ 911/1041  1s] ILPostProcess Library/Bee/artifacts/1900b0aE.dag/post-processed/Unity.Burst.dll (+pdb)
Processing assembly Library/Bee/artifacts/1900b0aE.dag/Unity.Burst.dll, with 143 defines and 254 references

processors: Unity.Jobs.CodeGen.JobsILPostProcessor, Unity.Pipeline.CodeGen.HotReloadInPlaceILPostProcessor, zzzUnity.Burst.CodeGen.BurstILPostProcessor

running Unity.Jobs.CodeGen.JobsILPostProcessor

running Unity.Pipeline.CodeGen.HotReloadInPlaceILPostProcessor

running zzzUnity.Burst.CodeGen.BurstILPostProcessor
[ 912/1041  0s] Csc Library/Bee/artifacts/1900b0aE.dag/Picklebot.Match.dll (+2 others)
[ 913/1041  0s] Csc Library/Bee/artifacts/1900b0aE.dag/Picklebot.Inspection.PlayTests.dll (+2 others)
[ 914/1041  0s] Csc Library/Bee/artifacts/1900b0aE.dag/Picklebot.Inspection.Editor.dll (+2 others)
[ 915/1041  0s] Csc Library/Bee/artifacts/1900b0aE.dag/Picklebot.Tests.Museum.PlayMode.dll (+2 others)
[ 916/1041  0s] Csc Library/Bee/artifacts/1900b0aE.dag/Picklebot.Doubles.PlayTests.dll (+2 others)
[ 917/1041  0s] Csc Library/Bee/artifacts/1900b0aE.dag/Picklebot.Doubles.Editor.dll (+2 others)
Assets\Picklebot\Doubles\Editor\DoublesEditor.cs(26,22): warning CS0618: 'Object.FindFirstObjectByType<T>()' is obsolete: 'FindFirstObjectByType has been deprecated because it relies on instance ID ordering. Use FindAnyObjectByType instead, which does not depend on ordering.'

Assets\Picklebot\Doubles\Editor\DoublesEditor.cs(33,22): warning CS0618: 'Object.FindFirstObjectByType<T>()' is obsolete: 'FindFirstObjectByType has been deprecated because it relies on instance ID ordering. Use FindAnyObjectByType instead, which does not depend on ordering.'

Assets\Picklebot\Doubles\Editor\DoublesEditor.cs(44,22): warning CS0618: 'Object.FindFirstObjectByType<T>()' is obsolete: 'FindFirstObjectByType has been deprecated because it relies on instance ID ordering. Use FindAnyObjectByType instead, which does not depend on ordering.'
[ 918/1041  0s] Csc Library/Bee/artifacts/1900b0aE.dag/Picklebot.PlayerAgents.dll (+2 others)
[ 919/1041  0s] Csc Library/Bee/artifacts/1900b0aE.dag/Picklebot.Tests.Museum.EditMode.dll (+2 others)
[ 920/1041  0s] Csc Library/Bee/artifacts/1900b0aE.dag/Picklebot.Inspection.Tests.dll (+2 others)
[ 921/1041  0s] Csc Library/Bee/artifacts/1900b0aE.dag/Picklebot.Doubles.Tests.dll (+2 others)
[ 922/1041  0s] ILPostProcess Library/Bee/artifacts/1900b0aE.dag/post-processed/Picklebot.Museum.dll (+pdb)
Processing assembly Library/Bee/artifacts/1900b0aE.dag/Picklebot.Museum.dll, with 143 defines and 265 references

processors: Unity.Jobs.CodeGen.JobsILPostProcessor, Unity.Pipeline.CodeGen.HotReloadInPlaceILPostProcessor, zzzUnity.Burst.CodeGen.BurstILPostProcessor

running Unity.Jobs.CodeGen.JobsILPostProcessor

running Unity.Pipeline.CodeGen.HotReloadInPlaceILPostProcessor

running zzzUnity.Burst.CodeGen.BurstILPostProcessor
[ 923/1041  0s] ILPostProcess Library/Bee/artifacts/1900b0aE.dag/post-processed/Picklebot.Tests.Phase1C0.PlayMode.dll (+pdb)
Processing assembly Library/Bee/artifacts/1900b0aE.dag/Picklebot.Tests.Phase1C0.PlayMode.dll, with 143 defines and 259 references

processors: Unity.Jobs.CodeGen.JobsILPostProcessor, Unity.Pipeline.CodeGen.HotReloadInPlaceILPostProcessor, zzzUnity.Burst.CodeGen.BurstILPostProcessor

running Unity.Jobs.CodeGen.JobsILPostProcessor

running Unity.Pipeline.CodeGen.HotReloadInPlaceILPostProcessor

running zzzUnity.Burst.CodeGen.BurstILPostProcessor
[ 924/1041  0s] ILPostProcess Library/Bee/artifacts/1900b0aE.dag/post-processed/Picklebot.Tests.Museum.PlayMode.dll (+pdb)
Processing assembly Library/Bee/artifacts/1900b0aE.dag/Picklebot.Tests.Museum.PlayMode.dll, with 143 defines and 257 references

processors: Unity.Jobs.CodeGen.JobsILPostProcessor, Unity.Pipeline.CodeGen.HotReloadInPlaceILPostProcessor, zzzUnity.Burst.CodeGen.BurstILPostProcessor

running Unity.Jobs.CodeGen.JobsILPostProcessor

running Unity.Pipeline.CodeGen.HotReloadInPlaceILPostProcessor

running zzzUnity.Burst.CodeGen.BurstILPostProcessor
[ 925/1041  0s] Csc Library/Bee/artifacts/1900b0aE.dag/Picklebot.Tests.Phase1C0.EditMode.dll (+2 others)
[ 926/1041  0s] ILPostProcess Library/Bee/artifacts/1900b0aE.dag/post-processed/Picklebot.Tests.Phase1A.PlayMode.dll (+pdb)
Processing assembly Library/Bee/artifacts/1900b0aE.dag/Picklebot.Tests.Phase1A.PlayMode.dll, with 143 defines and 257 references

processors: Unity.Jobs.CodeGen.JobsILPostProcessor, Unity.Pipeline.CodeGen.HotReloadInPlaceILPostProcessor, zzzUnity.Burst.CodeGen.BurstILPostProcessor

running Unity.Jobs.CodeGen.JobsILPostProcessor

running Unity.Pipeline.CodeGen.HotReloadInPlaceILPostProcessor

running zzzUnity.Burst.CodeGen.BurstILPostProcessor
[ 927/1041  0s] Csc Library/Bee/artifacts/1900b0aE.dag/Picklebot.PlayerControls.Tests.dll (+2 others)
[ 928/1041  0s] Csc Library/Bee/artifacts/1900b0aE.dag/Picklebot.Match.PlayTests.dll (+2 others)
[ 929/1041  0s] Csc Library/Bee/artifacts/1900b0aE.dag/Picklebot.Match.Editor.dll (+2 others)
Assets\Picklebot\Match\Editor\MatchEditor.cs(80,30): warning CS0618: 'Object.FindFirstObjectByType<T>()' is obsolete: 'FindFirstObjectByType has been deprecated because it relies on instance ID ordering. Use FindAnyObjectByType instead, which does not depend on ordering.'

Assets\Picklebot\Match\Editor\MatchEditor.cs(104,22): warning CS0618: 'Object.FindFirstObjectByType<T>()' is obsolete: 'FindFirstObjectByType has been deprecated because it relies on instance ID ordering. Use FindAnyObjectByType instead, which does not depend on ordering.'
[ 930/1041  0s] Csc Library/Bee/artifacts/1900b0aE.dag/Picklebot.Match.Tests.dll (+2 others)
[ 931/1041  0s] Csc Library/Bee/artifacts/1900b0aE.dag/Picklebot.PlayerAgents.Tests.dll (+2 others)
[ 932/1041  0s] Csc Library/Bee/artifacts/1900b0aE.dag/Picklebot.DoublesTraining.Editor.dll (+2 others)
[ 933/1041  0s] ILPostProcess Library/Bee/artifacts/1900b0aE.dag/post-processed/Picklebot.Tests.Phase1B.PlayMode.dll (+pdb)
Processing assembly Library/Bee/artifacts/1900b0aE.dag/Picklebot.Tests.Phase1B.PlayMode.dll, with 143 defines and 257 references

processors: Unity.Jobs.CodeGen.JobsILPostProcessor, Unity.Pipeline.CodeGen.HotReloadInPlaceILPostProcessor, zzzUnity.Burst.CodeGen.BurstILPostProcessor

running Unity.Jobs.CodeGen.JobsILPostProcessor

running Unity.Pipeline.CodeGen.HotReloadInPlaceILPostProcessor

running zzzUnity.Burst.CodeGen.BurstILPostProcessor
[ 934/1041  0s] ILPostProcess Library/Bee/artifacts/1900b0aE.dag/post-processed/Picklebot.PlayerAgents.dll (+pdb)
Processing assembly Library/Bee/artifacts/1900b0aE.dag/Picklebot.PlayerAgents.dll, with 143 defines and 265 references

processors: Unity.Jobs.CodeGen.JobsILPostProcessor, Unity.Pipeline.CodeGen.HotReloadInPlaceILPostProcessor, zzzUnity.Burst.CodeGen.BurstILPostProcessor

running Unity.Jobs.CodeGen.JobsILPostProcessor

running Unity.Pipeline.CodeGen.HotReloadInPlaceILPostProcessor

running zzzUnity.Burst.CodeGen.BurstILPostProcessor
[ 935/1041  0s] ILPostProcess Library/Bee/artifacts/1900b0aE.dag/post-processed/Picklebot.Doubles.PlayTests.dll (+pdb)
Processing assembly Library/Bee/artifacts/1900b0aE.dag/Picklebot.Doubles.PlayTests.dll, with 143 defines and 257 references

processors: Unity.Jobs.CodeGen.JobsILPostProcessor, Unity.Pipeline.CodeGen.HotReloadInPlaceILPostProcessor, zzzUnity.Burst.CodeGen.BurstILPostProcessor

running Unity.Jobs.CodeGen.JobsILPostProcessor

running Unity.Pipeline.CodeGen.HotReloadInPlaceILPostProcessor

running zzzUnity.Burst.CodeGen.BurstILPostProcessor
[ 936/1041  0s] ILPostProcess Library/Bee/artifacts/1900b0aE.dag/post-processed/Picklebot.Doubles.dll (+pdb)
Processing assembly Library/Bee/artifacts/1900b0aE.dag/Picklebot.Doubles.dll, with 143 defines and 265 references

processors: Unity.Jobs.CodeGen.JobsILPostProcessor, Unity.Pipeline.CodeGen.HotReloadInPlaceILPostProcessor, zzzUnity.Burst.CodeGen.BurstILPostProcessor

running Unity.Jobs.CodeGen.JobsILPostProcessor

running Unity.Pipeline.CodeGen.HotReloadInPlaceILPostProcessor

running zzzUnity.Burst.CodeGen.BurstILPostProcessor
[ 937/1041  0s] ILPostProcess Library/Bee/artifacts/1900b0aE.dag/post-processed/Picklebot.Inspection.dll (+pdb)
Processing assembly Library/Bee/artifacts/1900b0aE.dag/Picklebot.Inspection.dll, with 143 defines and 265 references

processors: Unity.Jobs.CodeGen.JobsILPostProcessor, Unity.Pipeline.CodeGen.HotReloadInPlaceILPostProcessor, zzzUnity.Burst.CodeGen.BurstILPostProcessor

running Unity.Jobs.CodeGen.JobsILPostProcessor

running Unity.Pipeline.CodeGen.HotReloadInPlaceILPostProcessor

running zzzUnity.Burst.CodeGen.BurstILPostProcessor
[ 938/1041  0s] ILPostProcess Library/Bee/artifacts/1900b0aE.dag/post-processed/Picklebot.Training.dll (+pdb)
Processing assembly Library/Bee/artifacts/1900b0aE.dag/Picklebot.Training.dll, with 143 defines and 268 references

processors: Unity.Jobs.CodeGen.JobsILPostProcessor, Unity.Pipeline.CodeGen.HotReloadInPlaceILPostProcessor, zzzUnity.Burst.CodeGen.BurstILPostProcessor

running Unity.Jobs.CodeGen.JobsILPostProcessor

running Unity.Pipeline.CodeGen.HotReloadInPlaceILPostProcessor

running zzzUnity.Burst.CodeGen.BurstILPostProcessor
[ 939/1041  0s] Csc Library/Bee/artifacts/1900b0aE.dag/Picklebot.PlayerAgents.Editor.dll (+2 others)
[ 940/1041  0s] ILPostProcess Library/Bee/artifacts/1900b0aE.dag/post-processed/Picklebot.Simulation.dll (+pdb)
Processing assembly Library/Bee/artifacts/1900b0aE.dag/Picklebot.Simulation.dll, with 143 defines and 264 references

processors: Unity.Jobs.CodeGen.JobsILPostProcessor, Unity.Pipeline.CodeGen.HotReloadInPlaceILPostProcessor, zzzUnity.Burst.CodeGen.BurstILPostProcessor

running Unity.Jobs.CodeGen.JobsILPostProcessor

running Unity.Pipeline.CodeGen.HotReloadInPlaceILPostProcessor

running zzzUnity.Burst.CodeGen.BurstILPostProcessor
[ 941/1041  0s] ILPostProcess Library/Bee/artifacts/1900b0aE.dag/post-processed/Picklebot.Match.PlayTests.dll (+pdb)
Processing assembly Library/Bee/artifacts/1900b0aE.dag/Picklebot.Match.PlayTests.dll, with 143 defines and 256 references

processors: Unity.Jobs.CodeGen.JobsILPostProcessor, Unity.Pipeline.CodeGen.HotReloadInPlaceILPostProcessor, zzzUnity.Burst.CodeGen.BurstILPostProcessor

running Unity.Jobs.CodeGen.JobsILPostProcessor

running Unity.Pipeline.CodeGen.HotReloadInPlaceILPostProcessor

running zzzUnity.Burst.CodeGen.BurstILPostProcessor
[ 942/1041  0s] ILPostProcess Library/Bee/artifacts/1900b0aE.dag/post-processed/Picklebot.Match.dll (+pdb)
Processing assembly Library/Bee/artifacts/1900b0aE.dag/Picklebot.Match.dll, with 143 defines and 266 references

processors: Unity.Jobs.CodeGen.JobsILPostProcessor, Unity.Pipeline.CodeGen.HotReloadInPlaceILPostProcessor, zzzUnity.Burst.CodeGen.BurstILPostProcessor

running Unity.Jobs.CodeGen.JobsILPostProcessor

running Unity.Pipeline.CodeGen.HotReloadInPlaceILPostProcessor

running zzzUnity.Burst.CodeGen.BurstILPostProcessor
[ 943/1041  0s] ILPostProcess Library/Bee/artifacts/1900b0aE.dag/post-processed/Picklebot.Inspection.PlayTests.dll (+pdb)
Processing assembly Library/Bee/artifacts/1900b0aE.dag/Picklebot.Inspection.PlayTests.dll, with 143 defines and 257 references

processors: Unity.Jobs.CodeGen.JobsILPostProcessor, Unity.Pipeline.CodeGen.HotReloadInPlaceILPostProcessor, zzzUnity.Burst.CodeGen.BurstILPostProcessor

running Unity.Jobs.CodeGen.JobsILPostProcessor

running Unity.Pipeline.CodeGen.HotReloadInPlaceILPostProcessor

running zzzUnity.Burst.CodeGen.BurstILPostProcessor
[ 944/1041  0s] Csc Library/Bee/artifacts/1900b0aE.dag/Picklebot.PlayerControlsIntegration.dll (+2 others)
[ 945/1041  0s] Csc Library/Bee/artifacts/1900b0aE.dag/Picklebot.PlayerAgents.PlayTests.dll (+2 others)
[ 946/1041  0s] ILPostProcess Library/Bee/artifacts/1900b0aE.dag/post-processed/Picklebot.Tests.PlayMode.dll (+pdb)
Processing assembly Library/Bee/artifacts/1900b0aE.dag/Picklebot.Tests.PlayMode.dll, with 143 defines and 256 references

processors: Unity.Jobs.CodeGen.JobsILPostProcessor, Unity.Pipeline.CodeGen.HotReloadInPlaceILPostProcessor, zzzUnity.Burst.CodeGen.BurstILPostProcessor

running Unity.Jobs.CodeGen.JobsILPostProcessor

running Unity.Pipeline.CodeGen.HotReloadInPlaceILPostProcessor

running zzzUnity.Burst.CodeGen.BurstILPostProcessor
[ 947/1041  0s] ILPostProcess Library/Bee/artifacts/1900b0aE.dag/post-processed/Picklebot.DoublesTraining.Editor.dll (+pdb)
Processing assembly Library/Bee/artifacts/1900b0aE.dag/Picklebot.DoublesTraining.Editor.dll, with 141 defines and 301 references

processors: Unity.Jobs.CodeGen.JobsILPostProcessor, Unity.Pipeline.CodeGen.HotReloadInPlaceILPostProcessor, zzzUnity.Burst.CodeGen.BurstILPostProcessor

running Unity.Jobs.CodeGen.JobsILPostProcessor

running Unity.Pipeline.CodeGen.HotReloadInPlaceILPostProcessor

running zzzUnity.Burst.CodeGen.BurstILPostProcessor
[ 948/1041  0s] ILPostProcess Library/Bee/artifacts/1900b0aE.dag/post-processed/Picklebot.PlayerAgents.Tests.dll (+pdb)
Processing assembly Library/Bee/artifacts/1900b0aE.dag/Picklebot.PlayerAgents.Tests.dll, with 141 defines and 291 references

processors: Unity.Jobs.CodeGen.JobsILPostProcessor, Unity.Pipeline.CodeGen.HotReloadInPlaceILPostProcessor, zzzUnity.Burst.CodeGen.BurstILPostProcessor

running Unity.Jobs.CodeGen.JobsILPostProcessor

running Unity.Pipeline.CodeGen.HotReloadInPlaceILPostProcessor

running zzzUnity.Burst.CodeGen.BurstILPostProcessor
[ 949/1041  0s] ILPostProcess Library/Bee/artifacts/1900b0aE.dag/post-processed/Picklebot.Tests.Phase1A.EditMode.dll (+pdb)
Processing assembly Library/Bee/artifacts/1900b0aE.dag/Picklebot.Tests.Phase1A.EditMode.dll, with 141 defines and 290 references

processors: Unity.Jobs.CodeGen.JobsILPostProcessor, Unity.Pipeline.CodeGen.HotReloadInPlaceILPostProcessor, zzzUnity.Burst.CodeGen.BurstILPostProcessor

running Unity.Jobs.CodeGen.JobsILPostProcessor

running Unity.Pipeline.CodeGen.HotReloadInPlaceILPostProcessor

running zzzUnity.Burst.CodeGen.BurstILPostProcessor
[ 950/1041  0s] ILPostProcess Library/Bee/artifacts/1900b0aE.dag/post-processed/Picklebot.Inspection.Editor.dll (+pdb)
Processing assembly Library/Bee/artifacts/1900b0aE.dag/Picklebot.Inspection.Editor.dll, with 141 defines and 301 references

processors: Unity.Jobs.CodeGen.JobsILPostProcessor, Unity.Pipeline.CodeGen.HotReloadInPlaceILPostProcessor, zzzUnity.Burst.CodeGen.BurstILPostProcessor

running Unity.Jobs.CodeGen.JobsILPostProcessor

running Unity.Pipeline.CodeGen.HotReloadInPlaceILPostProcessor

running zzzUnity.Burst.CodeGen.BurstILPostProcessor
[ 951/1041  0s] ILPostProcess Library/Bee/artifacts/1900b0aE.dag/post-processed/Picklebot.Inspection.Tests.dll (+pdb)
Processing assembly Library/Bee/artifacts/1900b0aE.dag/Picklebot.Inspection.Tests.dll, with 141 defines and 290 references

processors: Unity.Jobs.CodeGen.JobsILPostProcessor, Unity.Pipeline.CodeGen.HotReloadInPlaceILPostProcessor, zzzUnity.Burst.CodeGen.BurstILPostProcessor

running Unity.Jobs.CodeGen.JobsILPostProcessor

running Unity.Pipeline.CodeGen.HotReloadInPlaceILPostProcessor

running zzzUnity.Burst.CodeGen.BurstILPostProcessor
[ 952/1041  0s] ILPostProcess Library/Bee/artifacts/1900b0aE.dag/post-processed/Picklebot.Tests.Phase1C0.EditMode.dll (+pdb)
Processing assembly Library/Bee/artifacts/1900b0aE.dag/Picklebot.Tests.Phase1C0.EditMode.dll, with 141 defines and 292 references

processors: Unity.Jobs.CodeGen.JobsILPostProcessor, Unity.Pipeline.CodeGen.HotReloadInPlaceILPostProcessor, zzzUnity.Burst.CodeGen.BurstILPostProcessor

running Unity.Jobs.CodeGen.JobsILPostProcessor

running Unity.Pipeline.CodeGen.HotReloadInPlaceILPostProcessor

running zzzUnity.Burst.CodeGen.BurstILPostProcessor
[ 953/1041  0s] ILPostProcess Library/Bee/artifacts/1900b0aE.dag/post-processed/Picklebot.Match.Tests.dll (+pdb)
Processing assembly Library/Bee/artifacts/1900b0aE.dag/Picklebot.Match.Tests.dll, with 141 defines and 290 references

processors: Unity.Jobs.CodeGen.JobsILPostProcessor, Unity.Pipeline.CodeGen.HotReloadInPlaceILPostProcessor, zzzUnity.Burst.CodeGen.BurstILPostProcessor

running Unity.Jobs.CodeGen.JobsILPostProcessor

running Unity.Pipeline.CodeGen.HotReloadInPlaceILPostProcessor

running zzzUnity.Burst.CodeGen.BurstILPostProcessor
[ 954/1041  0s] ILPostProcess Library/Bee/artifacts/1900b0aE.dag/post-processed/Picklebot.Tests.EditMode.dll (+pdb)
Processing assembly Library/Bee/artifacts/1900b0aE.dag/Picklebot.Tests.EditMode.dll, with 141 defines and 290 references

processors: Unity.Jobs.CodeGen.JobsILPostProcessor, Unity.Pipeline.CodeGen.HotReloadInPlaceILPostProcessor, zzzUnity.Burst.CodeGen.BurstILPostProcessor

running Unity.Jobs.CodeGen.JobsILPostProcessor

running Unity.Pipeline.CodeGen.HotReloadInPlaceILPostProcessor

running zzzUnity.Burst.CodeGen.BurstILPostProcessor
[ 955/1041  0s] ILPostProcess Library/Bee/artifacts/1900b0aE.dag/post-processed/Picklebot.PlayerAgents.Editor.dll (+pdb)
Processing assembly Library/Bee/artifacts/1900b0aE.dag/Picklebot.PlayerAgents.Editor.dll, with 141 defines and 302 references

processors: Unity.Jobs.CodeGen.JobsILPostProcessor, Unity.Pipeline.CodeGen.HotReloadInPlaceILPostProcessor, zzzUnity.Burst.CodeGen.BurstILPostProcessor

running Unity.Jobs.CodeGen.JobsILPostProcessor

running Unity.Pipeline.CodeGen.HotReloadInPlaceILPostProcessor

running zzzUnity.Burst.CodeGen.BurstILPostProcessor
[ 956/1041  0s] ILPostProcess Library/Bee/artifacts/1900b0aE.dag/post-processed/Picklebot.PlayerAgents.PlayTests.dll (+pdb)
Processing assembly Library/Bee/artifacts/1900b0aE.dag/Picklebot.PlayerAgents.PlayTests.dll, with 143 defines and 256 references

processors: Unity.Jobs.CodeGen.JobsILPostProcessor, Unity.Pipeline.CodeGen.HotReloadInPlaceILPostProcessor, zzzUnity.Burst.CodeGen.BurstILPostProcessor

running Unity.Jobs.CodeGen.JobsILPostProcessor

running Unity.Pipeline.CodeGen.HotReloadInPlaceILPostProcessor

running zzzUnity.Burst.CodeGen.BurstILPostProcessor
[ 957/1041  0s] ILPostProcess Library/Bee/artifacts/1900b0aE.dag/post-processed/Picklebot.Match.Editor.dll (+pdb)
Processing assembly Library/Bee/artifacts/1900b0aE.dag/Picklebot.Match.Editor.dll, with 141 defines and 302 references

processors: Unity.Jobs.CodeGen.JobsILPostProcessor, Unity.Pipeline.CodeGen.HotReloadInPlaceILPostProcessor, zzzUnity.Burst.CodeGen.BurstILPostProcessor

running Unity.Jobs.CodeGen.JobsILPostProcessor

running Unity.Pipeline.CodeGen.HotReloadInPlaceILPostProcessor

running zzzUnity.Burst.CodeGen.BurstILPostProcessor
[ 958/1041  0s] CopyFiles Library/ScriptAssemblies/Picklebot.PlayerAgents.PlayTests.dll
[ 959/1041  0s] CopyFiles Library/ScriptAssemblies/Picklebot.Training.dll
[ 960/1041  0s] CopyFiles Library/ScriptAssemblies/Picklebot.Museum.dll
[ 961/1041  0s] CopyFiles Library/ScriptAssemblies/Picklebot.Doubles.dll
[ 962/1041  0s] CopyFiles Library/ScriptAssemblies/Picklebot.Tests.Phase1C0.PlayMode.dll
[ 963/1041  0s] CopyFiles Library/ScriptAssemblies/Picklebot.Tests.Phase1A.PlayMode.dll
[ 964/1041  0s] CopyFiles Library/ScriptAssemblies/Unity.Burst.dll
[ 965/1041  0s] CopyFiles Library/ScriptAssemblies/Picklebot.Tests.Museum.PlayMode.dll
[ 966/1041  0s] CopyFiles Library/ScriptAssemblies/Picklebot.Evaluation.dll
[ 967/1041  0s] CopyFiles Library/ScriptAssemblies/Picklebot.Competition.PlayTests.dll
[ 968/1041  0s] CopyFiles Library/ScriptAssemblies/Picklebot.Inspection.PlayTests.dll
[ 969/1041  0s] CopyFiles Library/ScriptAssemblies/Picklebot.Tests.Phase1B.PlayMode.dll
[ 970/1041  0s] CopyFiles Library/ScriptAssemblies/Picklebot.Tests.PlayMode.dll
[ 971/1041  0s] CopyFiles Library/ScriptAssemblies/Picklebot.Competition.dll
[ 972/1041  0s] CopyFiles Library/ScriptAssemblies/Unity.Collections.dll
[ 973/1041  0s] CopyFiles Library/ScriptAssemblies/Picklebot.PlayerAgents.dll
[ 974/1041  0s] CopyFiles Library/ScriptAssemblies/Picklebot.Match.PlayTests.dll
[ 975/1041  0s] CopyFiles Library/ScriptAssemblies/Picklebot.Match.dll
[ 976/1041  0s] CopyFiles Library/ScriptAssemblies/Picklebot.Simulation.dll
[ 977/1041  0s] CopyFiles Library/ScriptAssemblies/Picklebot.Doubles.PlayTests.dll
[ 978/1041  0s] CopyFiles Library/ScriptAssemblies/Picklebot.Inspection.dll
[ 979/1041  0s] CopyFiles Library/ScriptAssemblies/Picklebot.PlayerAgents.PlayTests.pdb
[ 980/1041  0s] CopyFiles Library/ScriptAssemblies/Picklebot.Match.Editor.dll
[ 981/1041  0s] CopyFiles Library/ScriptAssemblies/Picklebot.Match.Editor.pdb
[ 982/1041  0s] CopyFiles Library/ScriptAssemblies/Picklebot.PlayerAgents.Editor.pdb
[ 983/1041  0s] CopyFiles Library/ScriptAssemblies/Picklebot.Match.Tests.dll
[ 984/1041  0s] CopyFiles Library/ScriptAssemblies/Picklebot.Match.Tests.pdb
[ 985/1041  0s] CopyFiles Library/ScriptAssemblies/Picklebot.Tests.EditMode.dll
[ 986/1041  0s] CopyFiles Library/ScriptAssemblies/Picklebot.Tests.EditMode.pdb
[ 987/1041  0s] CopyFiles Library/ScriptAssemblies/Picklebot.Tests.Phase1C0.EditMode.dll
[ 988/1041  0s] CopyFiles Library/ScriptAssemblies/Picklebot.Tests.Phase1C0.EditMode.pdb
[ 989/1041  0s] CopyFiles Library/ScriptAssemblies/Picklebot.Inspection.Tests.dll
[ 990/1041  0s] CopyFiles Library/ScriptAssemblies/Picklebot.Inspection.Tests.pdb
[ 991/1041  0s] CopyFiles Library/ScriptAssemblies/Picklebot.Inspection.Editor.pdb
[ 992/1041  0s] CopyFiles Library/ScriptAssemblies/Picklebot.Inspection.Editor.dll
[ 993/1041  0s] CopyFiles Library/ScriptAssemblies/Picklebot.Tests.Phase1A.EditMode.pdb
[ 994/1041  0s] CopyFiles Library/ScriptAssemblies/Picklebot.Tests.Phase1A.EditMode.dll
[ 995/1041  0s] CopyFiles Library/ScriptAssemblies/Picklebot.PlayerAgents.Tests.dll
[ 996/1041  0s] CopyFiles Library/ScriptAssemblies/Picklebot.PlayerAgents.Tests.pdb
[ 997/1041  0s] CopyFiles Library/ScriptAssemblies/Picklebot.DoublesTraining.Editor.dll
[ 998/1041  0s] CopyFiles Library/ScriptAssemblies/Picklebot.DoublesTraining.Editor.pdb
[ 999/1041  0s] CopyFiles Library/ScriptAssemblies/Picklebot.Tests.PlayMode.pdb
[1000/1041  0s] CopyFiles Library/ScriptAssemblies/Picklebot.Inspection.PlayTests.pdb
[1001/1041  0s] CopyFiles Library/ScriptAssemblies/Picklebot.Match.PlayTests.pdb
[1002/1041  0s] CopyFiles Library/ScriptAssemblies/Picklebot.Match.pdb
[1003/1041  0s] CopyFiles Library/ScriptAssemblies/Picklebot.Simulation.pdb
[1004/1041  0s] CopyFiles Library/ScriptAssemblies/Picklebot.Doubles.PlayTests.pdb
[1005/1041  0s] CopyFiles Library/ScriptAssemblies/Picklebot.Inspection.pdb
[1006/1041  0s] CopyFiles Library/ScriptAssemblies/Picklebot.Training.pdb
[1007/1041  0s] CopyFiles Library/ScriptAssemblies/Picklebot.Doubles.pdb
[1008/1041  0s] CopyFiles Library/ScriptAssemblies/Picklebot.Tests.Phase1B.PlayMode.pdb
[1009/1041  0s] CopyFiles Library/ScriptAssemblies/Picklebot.PlayerAgents.pdb
[1010/1041  0s] CopyFiles Library/ScriptAssemblies/Picklebot.Tests.Phase1A.PlayMode.pdb
[1011/1041  0s] CopyFiles Library/ScriptAssemblies/Picklebot.Tests.Museum.PlayMode.pdb
[1012/1041  0s] CopyFiles Library/ScriptAssemblies/Picklebot.Tests.Phase1C0.PlayMode.pdb
[1013/1041  0s] CopyFiles Library/ScriptAssemblies/Picklebot.Museum.pdb
[1014/1041  0s] CopyFiles Library/ScriptAssemblies/Unity.Burst.pdb
[1015/1041  0s] CopyFiles Library/ScriptAssemblies/Unity.Collections.pdb
[1016/1041  0s] CopyFiles Library/ScriptAssemblies/Picklebot.Competition.PlayTests.pdb
[1017/1041  0s] CopyFiles Library/ScriptAssemblies/Picklebot.Evaluation.pdb
[1018/1041  0s] CopyFiles Library/ScriptAssemblies/Picklebot.Rally.Tests.dll
[1019/1041  0s] CopyFiles Library/ScriptAssemblies/Picklebot.Rally.Tests.pdb
[1020/1041  0s] CopyFiles Library/ScriptAssemblies/Picklebot.Competition.pdb
[1021/1041  0s] CopyFiles Library/ScriptAssemblies/Picklebot.PlayerControls.Editor.pdb
[1022/1041  0s] CopyFiles Library/ScriptAssemblies/Picklebot.PlayerControls.Editor.dll
[1023/1041  0s] CopyFiles Library/ScriptAssemblies/Picklebot.PlayerAgents.Editor.dll
[1024/1041  2s] ILPostProcess Library/Bee/artifacts/1900b0aE.dag/post-processed/Unity.InferenceEngine.dll (+pdb)
Processing assembly Library/Bee/artifacts/1900b0aE.dag/Unity.InferenceEngine.dll, with 143 defines and 266 references

processors: Unity.Jobs.CodeGen.JobsILPostProcessor, Unity.Pipeline.CodeGen.HotReloadInPlaceILPostProcessor, zzzUnity.Burst.CodeGen.BurstILPostProcessor

running Unity.Jobs.CodeGen.JobsILPostProcessor

running Unity.Pipeline.CodeGen.HotReloadInPlaceILPostProcessor

running zzzUnity.Burst.CodeGen.BurstILPostProcessor
[1025/1041  0s] ILPostProcess Library/Bee/artifacts/1900b0aE.dag/post-processed/Picklebot.Doubles.Editor.dll (+pdb)
Processing assembly Library/Bee/artifacts/1900b0aE.dag/Picklebot.Doubles.Editor.dll, with 141 defines and 300 references

processors: Unity.Jobs.CodeGen.JobsILPostProcessor, Unity.Pipeline.CodeGen.HotReloadInPlaceILPostProcessor, zzzUnity.Burst.CodeGen.BurstILPostProcessor

running Unity.Jobs.CodeGen.JobsILPostProcessor

running Unity.Pipeline.CodeGen.HotReloadInPlaceILPostProcessor

running zzzUnity.Burst.CodeGen.BurstILPostProcessor
[1026/1041  0s] CopyFiles Library/ScriptAssemblies/Unity.InferenceEngine.pdb
[1027/1041  0s] CopyFiles Library/ScriptAssemblies/Unity.InferenceEngine.dll
[1028/1041  0s] CopyFiles Library/ScriptAssemblies/Picklebot.Doubles.Editor.dll
[1029/1041  0s] CopyFiles Library/ScriptAssemblies/Picklebot.Doubles.Editor.pdb
[1030/1041  0s] Csc Library/Bee/artifacts/1900b0aE.dag/Picklebot.PlayerControlsIntegration.Editor.dll (+2 others)
[1031/1041  0s] Csc Library/Bee/artifacts/1900b0aE.dag/Picklebot.PlayerControlsIntegration.Tests.dll (+2 others)
[1032/1041  0s] ILPostProcess Library/Bee/artifacts/1900b0aE.dag/post-processed/Picklebot.PlayerControlsIntegration.dll (+pdb)
Processing assembly Library/Bee/artifacts/1900b0aE.dag/Picklebot.PlayerControlsIntegration.dll, with 143 defines and 267 references

processors: Unity.Jobs.CodeGen.JobsILPostProcessor, Unity.Pipeline.CodeGen.HotReloadInPlaceILPostProcessor, zzzUnity.Burst.CodeGen.BurstILPostProcessor

running Unity.Jobs.CodeGen.JobsILPostProcessor

running Unity.Pipeline.CodeGen.HotReloadInPlaceILPostProcessor

running zzzUnity.Burst.CodeGen.BurstILPostProcessor
[1033/1041  0s] Csc Library/Bee/artifacts/1900b0aE.dag/Picklebot.PlayerControlsIntegration.PlayTests.dll (+2 others)
[1034/1041  0s] CopyFiles Library/ScriptAssemblies/Picklebot.PlayerControlsIntegration.pdb
[1035/1041  0s] ILPostProcess Library/Bee/artifacts/1900b0aE.dag/post-processed/Picklebot.Tests.Phase1B.EditMode.dll (+pdb)
Processing assembly Library/Bee/artifacts/1900b0aE.dag/Picklebot.Tests.Phase1B.EditMode.dll, with 141 defines and 290 references

processors: Unity.Jobs.CodeGen.JobsILPostProcessor, Unity.Pipeline.CodeGen.HotReloadInPlaceILPostProcessor, zzzUnity.Burst.CodeGen.BurstILPostProcessor

running Unity.Jobs.CodeGen.JobsILPostProcessor

running Unity.Pipeline.CodeGen.HotReloadInPlaceILPostProcessor

running zzzUnity.Burst.CodeGen.BurstILPostProcessor
[1036/1041  0s] ILPostProcess Library/Bee/artifacts/1900b0aE.dag/post-processed/Picklebot.Tests.Museum.EditMode.dll (+pdb)
Processing assembly Library/Bee/artifacts/1900b0aE.dag/Picklebot.Tests.Museum.EditMode.dll, with 141 defines and 291 references

processors: Unity.Jobs.CodeGen.JobsILPostProcessor, Unity.Pipeline.CodeGen.HotReloadInPlaceILPostProcessor, zzzUnity.Burst.CodeGen.BurstILPostProcessor

running Unity.Jobs.CodeGen.JobsILPostProcessor

running Unity.Pipeline.CodeGen.HotReloadInPlaceILPostProcessor

running zzzUnity.Burst.CodeGen.BurstILPostProcessor
[1037/1041  0s] ILPostProcess Library/Bee/artifacts/1900b0aE.dag/post-processed/Picklebot.Rally.Editor.dll (+pdb)
Processing assembly Library/Bee/artifacts/1900b0aE.dag/Picklebot.Rally.Editor.dll, with 141 defines and 299 references

processors: Unity.Jobs.CodeGen.JobsILPostProcessor, Unity.Pipeline.CodeGen.HotReloadInPlaceILPostProcessor, zzzUnity.Burst.CodeGen.BurstILPostProcessor

running Unity.Jobs.CodeGen.JobsILPostProcessor

running Unity.Pipeline.CodeGen.HotReloadInPlaceILPostProcessor

running zzzUnity.Burst.CodeGen.BurstILPostProcessor
[1038/1041  0s] ILPostProcess Library/Bee/artifacts/1900b0aE.dag/post-processed/Picklebot.Competition.Tests.dll (+pdb)
Processing assembly Library/Bee/artifacts/1900b0aE.dag/Picklebot.Competition.Tests.dll, with 141 defines and 290 references

processors: Unity.Jobs.CodeGen.JobsILPostProcessor, Unity.Pipeline.CodeGen.HotReloadInPlaceILPostProcessor, zzzUnity.Burst.CodeGen.BurstILPostProcessor

running Unity.Jobs.CodeGen.JobsILPostProcessor

running Unity.Pipeline.CodeGen.HotReloadInPlaceILPostProcessor

running zzzUnity.Burst.CodeGen.BurstILPostProcessor
[1039/1041  0s] ILPostProcess Library/Bee/artifacts/1900b0aE.dag/post-processed/Picklebot.PlayerControls.Tests.dll (+pdb)
Processing assembly Library/Bee/artifacts/1900b0aE.dag/Picklebot.PlayerControls.Tests.dll, with 141 defines and 290 references

processors: Unity.Jobs.CodeGen.JobsILPostProcessor, Unity.Pipeline.CodeGen.HotReloadInPlaceILPostProcessor, zzzUnity.Burst.CodeGen.BurstILPostProcessor

running Unity.Jobs.CodeGen.JobsILPostProcessor

running Unity.Pipeline.CodeGen.HotReloadInPlaceILPostProcessor

running zzzUnity.Burst.CodeGen.BurstILPostProcessor
[1040/1041  0s] ILPostProcess Library/Bee/artifacts/1900b0aE.dag/post-processed/Picklebot.Doubles.Tests.dll (+pdb)
Processing assembly Library/Bee/artifacts/1900b0aE.dag/Picklebot.Doubles.Tests.dll, with 141 defines and 289 references

processors: Unity.Jobs.CodeGen.JobsILPostProcessor, Unity.Pipeline.CodeGen.HotReloadInPlaceILPostProcessor, zzzUnity.Burst.CodeGen.BurstILPostProcessor

running Unity.Jobs.CodeGen.JobsILPostProcessor

running Unity.Pipeline.CodeGen.HotReloadInPlaceILPostProcessor

running zzzUnity.Burst.CodeGen.BurstILPostProcessor
[1041/1041  0s] ILPostProcess Library/Bee/artifacts/1900b0aE.dag/post-processed/Picklebot.Competition.Editor.dll (+pdb)
Processing assembly Library/Bee/artifacts/1900b0aE.dag/Picklebot.Competition.Editor.dll, with 141 defines and 300 references

processors: Unity.Jobs.CodeGen.JobsILPostProcessor, Unity.Pipeline.CodeGen.HotReloadInPlaceILPostProcessor, zzzUnity.Burst.CodeGen.BurstILPostProcessor

running Unity.Jobs.CodeGen.JobsILPostProcessor

running Unity.Pipeline.CodeGen.HotReloadInPlaceILPostProcessor

running zzzUnity.Burst.CodeGen.BurstILPostProcessor
[1042/1041  0s] CopyFiles Library/ScriptAssemblies/Picklebot.Tests.Museum.EditMode.pdb
[1043/1041  0s] CopyFiles Library/ScriptAssemblies/Picklebot.Tests.Museum.EditMode.dll
[1044/1041  0s] CopyFiles Library/ScriptAssemblies/Picklebot.Tests.Phase1B.EditMode.dll
[1045/1041  0s] CopyFiles Library/ScriptAssemblies/Picklebot.Tests.Phase1B.EditMode.pdb
[1046/1041  0s] CopyFiles Library/ScriptAssemblies/Picklebot.Rally.Editor.dll
[1047/1041  0s] CopyFiles Library/ScriptAssemblies/Picklebot.Rally.Editor.pdb
[1048/1041  0s] CopyFiles Library/ScriptAssemblies/Picklebot.Competition.Tests.dll
[1049/1041  0s] CopyFiles Library/ScriptAssemblies/Picklebot.Competition.Tests.pdb
[1050/1041  0s] CopyFiles Library/ScriptAssemblies/Picklebot.PlayerControls.Tests.pdb
[1051/1041  0s] CopyFiles Library/ScriptAssemblies/Picklebot.Doubles.Tests.pdb
[1052/1041  0s] CopyFiles Library/ScriptAssemblies/Picklebot.Doubles.Tests.dll
[1053/1041  0s] CopyFiles Library/ScriptAssemblies/Picklebot.Competition.Editor.pdb
[1054/1041  0s] CopyFiles Library/ScriptAssemblies/Picklebot.Competition.Editor.dll
[1055/1041  0s] ILPostProcess Library/Bee/artifacts/1900b0aE.dag/post-processed/Picklebot.PlayerControlsIntegration.Tests.dll (+pdb)
Processing assembly Library/Bee/artifacts/1900b0aE.dag/Picklebot.PlayerControlsIntegration.Tests.dll, with 141 defines and 292 references

processors: Unity.Jobs.CodeGen.JobsILPostProcessor, Unity.Pipeline.CodeGen.HotReloadInPlaceILPostProcessor, zzzUnity.Burst.CodeGen.BurstILPostProcessor

running Unity.Jobs.CodeGen.JobsILPostProcessor

running Unity.Pipeline.CodeGen.HotReloadInPlaceILPostProcessor

running zzzUnity.Burst.CodeGen.BurstILPostProcessor
[1056/1041  0s] CopyFiles Library/ScriptAssemblies/Picklebot.PlayerControls.Tests.dll
[1057/1041  0s] CopyFiles Library/ScriptAssemblies/Picklebot.PlayerControlsIntegration.dll
[1058/1041  0s] CopyFiles Library/ScriptAssemblies/Picklebot.PlayerControlsIntegration.Tests.dll
[1059/1041  0s] CopyFiles Library/ScriptAssemblies/Picklebot.PlayerControlsIntegration.Tests.pdb
[1060/1041  0s] Csc Library/Bee/artifacts/1900b0aE.dag/Picklebot.PlayerLearning.dll (+2 others)
Assets\Picklebot\PlayerLearning\PlayerHeadlessBootstrapV3.cs(57,84): warning CS0618: 'FindObjectsSortMode' is obsolete: 'FindObjectsSortMode has been deprecated. Use the FindObjectsByType overloads that do not take a FindObjectsSortMode parameter.'

Assets\Picklebot\PlayerLearning\PlayerHeadlessBootstrapV3.cs(57,20): warning CS0618: 'Object.FindObjectsByType<T>(FindObjectsInactive, FindObjectsSortMode)' is obsolete: 'FindObjectsByType with FindObjectsSortMode parameter has been deprecated. Use FindObjectsByType<T>() or FindObjectsByType<T>(FindObjectsInactive) instead. InstanceID will be replaced in the future with EntityId and previous sort order cannot be maintained.'

Assets\Picklebot\PlayerLearning\PlayerHeadlessBootstrapV3.cs(57,184): warning CS0618: 'FindObjectsSortMode' is obsolete: 'FindObjectsSortMode has been deprecated. Use the FindObjectsByType overloads that do not take a FindObjectsSortMode parameter.'

Assets\Picklebot\PlayerLearning\PlayerHeadlessBootstrapV3.cs(57,121): warning CS0618: 'Object.FindObjectsByType<T>(FindObjectsInactive, FindObjectsSortMode)' is obsolete: 'FindObjectsByType with FindObjectsSortMode parameter has been deprecated. Use FindObjectsByType<T>() or FindObjectsByType<T>(FindObjectsInactive) instead. InstanceID will be replaced in the future with EntityId and previous sort order cannot be maintained.'
[1061/1041  0s] ILPostProcess Library/Bee/artifacts/1900b0aE.dag/post-processed/Picklebot.PlayerControlsIntegration.Editor.dll (+pdb)
Processing assembly Library/Bee/artifacts/1900b0aE.dag/Picklebot.PlayerControlsIntegration.Editor.dll, with 141 defines and 306 references

processors: Unity.Jobs.CodeGen.JobsILPostProcessor, Unity.Pipeline.CodeGen.HotReloadInPlaceILPostProcessor, zzzUnity.Burst.CodeGen.BurstILPostProcessor

running Unity.Jobs.CodeGen.JobsILPostProcessor

running Unity.Pipeline.CodeGen.HotReloadInPlaceILPostProcessor

running zzzUnity.Burst.CodeGen.BurstILPostProcessor
[1062/1041  0s] ILPostProcess Library/Bee/artifacts/1900b0aE.dag/post-processed/Picklebot.PlayerControlsIntegration.PlayTests.dll (+pdb)
Processing assembly Library/Bee/artifacts/1900b0aE.dag/Picklebot.PlayerControlsIntegration.PlayTests.dll, with 143 defines and 258 references

processors: Unity.Jobs.CodeGen.JobsILPostProcessor, Unity.Pipeline.CodeGen.HotReloadInPlaceILPostProcessor, zzzUnity.Burst.CodeGen.BurstILPostProcessor

running Unity.Jobs.CodeGen.JobsILPostProcessor

running Unity.Pipeline.CodeGen.HotReloadInPlaceILPostProcessor

running zzzUnity.Burst.CodeGen.BurstILPostProcessor
[1063/1041  0s] CopyFiles Library/ScriptAssemblies/Picklebot.PlayerControlsIntegration.Editor.pdb
[1064/1041  0s] CopyFiles Library/ScriptAssemblies/Picklebot.PlayerControlsIntegration.PlayTests.pdb
[1065/1041  0s] CopyFiles Library/ScriptAssemblies/Picklebot.PlayerControlsIntegration.Editor.dll
[1066/1041  0s] CopyFiles Library/ScriptAssemblies/Picklebot.PlayerControlsIntegration.PlayTests.dll
[1067/1041  0s] Csc Library/Bee/artifacts/1900b0aE.dag/Picklebot.PlayerLearning.Editor.dll (+2 others)
Assets\Picklebot\PlayerLearning\Editor\PlayerTrainingMonitorWindow.cs(37,40): warning CS0618: 'Object.FindFirstObjectByType<T>()' is obsolete: 'FindFirstObjectByType has been deprecated because it relies on instance ID ordering. Use FindAnyObjectByType instead, which does not depend on ordering.'

Assets\Picklebot\PlayerLearning\Editor\PlayerTrainingMonitorWindow.cs(38,38): warning CS0618: 'Object.FindFirstObjectByType<T>()' is obsolete: 'FindFirstObjectByType has been deprecated because it relies on instance ID ordering. Use FindAnyObjectByType instead, which does not depend on ordering.'
[1068/1041  0s] ILPostProcess Library/Bee/artifacts/1900b0aE.dag/post-processed/Picklebot.PlayerLearning.dll (+pdb)
Processing assembly Library/Bee/artifacts/1900b0aE.dag/Picklebot.PlayerLearning.dll, with 143 defines and 269 references

processors: Unity.Jobs.CodeGen.JobsILPostProcessor, Unity.Pipeline.CodeGen.HotReloadInPlaceILPostProcessor, zzzUnity.Burst.CodeGen.BurstILPostProcessor

running Unity.Jobs.CodeGen.JobsILPostProcessor

running Unity.Pipeline.CodeGen.HotReloadInPlaceILPostProcessor

running zzzUnity.Burst.CodeGen.BurstILPostProcessor
[1069/1041  0s] CopyFiles Library/ScriptAssemblies/Picklebot.PlayerLearning.pdb
[1070/1041  0s] ILPostProcess Library/Bee/artifacts/1900b0aE.dag/post-processed/Picklebot.PlayerLearning.Editor.dll (+pdb)
Processing assembly Library/Bee/artifacts/1900b0aE.dag/Picklebot.PlayerLearning.Editor.dll, with 141 defines and 304 references

processors: Unity.Jobs.CodeGen.JobsILPostProcessor, Unity.Pipeline.CodeGen.HotReloadInPlaceILPostProcessor, zzzUnity.Burst.CodeGen.BurstILPostProcessor

running Unity.Jobs.CodeGen.JobsILPostProcessor

running Unity.Pipeline.CodeGen.HotReloadInPlaceILPostProcessor

running zzzUnity.Burst.CodeGen.BurstILPostProcessor
[1071/1041  0s] CopyFiles Library/ScriptAssemblies/Picklebot.PlayerLearning.Editor.pdb
[1072/1041  0s] CopyFiles Library/ScriptAssemblies/Picklebot.PlayerLearning.Editor.dll
[1073/1041  0s] Csc Library/Bee/artifacts/1900b0aE.dag/Picklebot.PlayerLearning.Tests.dll (+2 others)
Assets\Picklebot\PlayerLearning\Tests\PlayerStationaryResamplingV3Tests.cs(22,67): warning CS0618: 'FindObjectsSortMode' is obsolete: 'FindObjectsSortMode has been deprecated. Use the FindObjectsByType overloads that do not take a FindObjectsSortMode parameter.'

Assets\Picklebot\PlayerLearning\Tests\PlayerStationaryResamplingV3Tests.cs(22,32): warning CS0618: 'Object.FindObjectsByType<T>(FindObjectsSortMode)' is obsolete: 'FindObjectsByType with FindObjectsSortMode parameter has been deprecated. Use FindObjectsByType<T>() or FindObjectsByType<T>(FindObjectsInactive) instead. InstanceID will be replaced in the future with EntityId and previous sort order cannot be maintained.'

Assets\Picklebot\PlayerLearning\Tests\PlayerStationaryResamplingV3Tests.cs(47,79): warning CS0618: 'FindObjectsSortMode' is obsolete: 'FindObjectsSortMode has been deprecated. Use the FindObjectsByType overloads that do not take a FindObjectsSortMode parameter.'

Assets\Picklebot\PlayerLearning\Tests\PlayerStationaryResamplingV3Tests.cs(47,44): warning CS0618: 'Object.FindObjectsByType<T>(FindObjectsSortMode)' is obsolete: 'FindObjectsByType with FindObjectsSortMode parameter has been deprecated. Use FindObjectsByType<T>() or FindObjectsByType<T>(FindObjectsInactive) instead. InstanceID will be replaced in the future with EntityId and previous sort order cannot be maintained.'
[1074/1041  0s] CopyFiles Library/ScriptAssemblies/Picklebot.PlayerLearning.dll
[1075/1041  0s] ILPostProcess Library/Bee/artifacts/1900b0aE.dag/post-processed/Picklebot.PlayerLearning.Tests.dll (+pdb)
Processing assembly Library/Bee/artifacts/1900b0aE.dag/Picklebot.PlayerLearning.Tests.dll, with 143 defines and 261 references

processors: Unity.Jobs.CodeGen.JobsILPostProcessor, Unity.Pipeline.CodeGen.HotReloadInPlaceILPostProcessor, zzzUnity.Burst.CodeGen.BurstILPostProcessor

running Unity.Jobs.CodeGen.JobsILPostProcessor

running Unity.Pipeline.CodeGen.HotReloadInPlaceILPostProcessor

running zzzUnity.Burst.CodeGen.BurstILPostProcessor
[1076/1041  0s] CopyFiles Library/ScriptAssemblies/Picklebot.PlayerLearning.Tests.pdb
[1077/1041  0s] CopyFiles Library/ScriptAssemblies/Picklebot.PlayerLearning.Tests.dll
*** Tundra build success (4.77 seconds), 478 items updated, 1041 evaluated
Assets\Picklebot\Competition\CompetitiveContacts.cs(6,33): warning UAC1001: Field 'World' type 'Picklebot.Competition.CompetitiveWorld' is skipped by serialization (missing the [Serializable] attribute). Refer to the Serialization rules analyzer reference. (https://docs.unity3d.com/6000.5/Documentation/Manual/script-serialization-analyzer.html#uac1001)
Assets\Picklebot\Inspection\InspectionContacts.cs(6,32): warning UAC1001: Field 'World' type 'Picklebot.Inspection.InspectionWorld' is skipped by serialization (missing the [Serializable] attribute). Refer to the Serialization rules analyzer reference. (https://docs.unity3d.com/6000.5/Documentation/Manual/script-serialization-analyzer.html#uac1001)
Assets\Picklebot\Doubles\DoublesWorld.cs(201,29): warning UAC1001: Field 'World' type 'Picklebot.Doubles.DoublesWorld' is skipped by serialization (missing the [Serializable] attribute). Refer to the Serialization rules analyzer reference. (https://docs.unity3d.com/6000.5/Documentation/Manual/script-serialization-analyzer.html#uac1001)
Assets\Picklebot\Doubles\Editor\DoublesEditor.cs(26,22): warning CS0618: 'Object.FindFirstObjectByType<T>()' is obsolete: 'FindFirstObjectByType has been deprecated because it relies on instance ID ordering. Use FindAnyObjectByType instead, which does not depend on ordering.'
Assets\Picklebot\Doubles\Editor\DoublesEditor.cs(33,22): warning CS0618: 'Object.FindFirstObjectByType<T>()' is obsolete: 'FindFirstObjectByType has been deprecated because it relies on instance ID ordering. Use FindAnyObjectByType instead, which does not depend on ordering.'
Assets\Picklebot\Doubles\Editor\DoublesEditor.cs(44,22): warning CS0618: 'Object.FindFirstObjectByType<T>()' is obsolete: 'FindFirstObjectByType has been deprecated because it relies on instance ID ordering. Use FindAnyObjectByType instead, which does not depend on ordering.'
Assets\Picklebot\Match\Editor\MatchEditor.cs(80,30): warning CS0618: 'Object.FindFirstObjectByType<T>()' is obsolete: 'FindFirstObjectByType has been deprecated because it relies on instance ID ordering. Use FindAnyObjectByType instead, which does not depend on ordering.'
Assets\Picklebot\Match\Editor\MatchEditor.cs(104,22): warning CS0618: 'Object.FindFirstObjectByType<T>()' is obsolete: 'FindFirstObjectByType has been deprecated because it relies on instance ID ordering. Use FindAnyObjectByType instead, which does not depend on ordering.'
Assets\Picklebot\PlayerLearning\PlayerHeadlessBootstrapV3.cs(57,84): warning CS0618: 'FindObjectsSortMode' is obsolete: 'FindObjectsSortMode has been deprecated. Use the FindObjectsByType overloads that do not take a FindObjectsSortMode parameter.'
Assets\Picklebot\PlayerLearning\PlayerHeadlessBootstrapV3.cs(57,20): warning CS0618: 'Object.FindObjectsByType<T>(FindObjectsInactive, FindObjectsSortMode)' is obsolete: 'FindObjectsByType with FindObjectsSortMode parameter has been deprecated. Use FindObjectsByType<T>() or FindObjectsByType<T>(FindObjectsInactive) instead. InstanceID will be replaced in the future with EntityId and previous sort order cannot be maintained.'
Assets\Picklebot\PlayerLearning\PlayerHeadlessBootstrapV3.cs(57,184): warning CS0618: 'FindObjectsSortMode' is obsolete: 'FindObjectsSortMode has been deprecated. Use the FindObjectsByType overloads that do not take a FindObjectsSortMode parameter.'
Assets\Picklebot\PlayerLearning\PlayerHeadlessBootstrapV3.cs(57,121): warning CS0618: 'Object.FindObjectsByType<T>(FindObjectsInactive, FindObjectsSortMode)' is obsolete: 'FindObjectsByType with FindObjectsSortMode parameter has been deprecated. Use FindObjectsByType<T>() or FindObjectsByType<T>(FindObjectsInactive) instead. InstanceID will be replaced in the future with EntityId and previous sort order cannot be maintained.'
Assets\Picklebot\PlayerLearning\Editor\PlayerTrainingMonitorWindow.cs(37,40): warning CS0618: 'Object.FindFirstObjectByType<T>()' is obsolete: 'FindFirstObjectByType has been deprecated because it relies on instance ID ordering. Use FindAnyObjectByType instead, which does not depend on ordering.'
Assets\Picklebot\PlayerLearning\Editor\PlayerTrainingMonitorWindow.cs(38,38): warning CS0618: 'Object.FindFirstObjectByType<T>()' is obsolete: 'FindFirstObjectByType has been deprecated because it relies on instance ID ordering. Use FindAnyObjectByType instead, which does not depend on ordering.'
Assets\Picklebot\PlayerLearning\Tests\PlayerStationaryResamplingV3Tests.cs(22,67): warning CS0618: 'FindObjectsSortMode' is obsolete: 'FindObjectsSortMode has been deprecated. Use the FindObjectsByType overloads that do not take a FindObjectsSortMode parameter.'
Assets\Picklebot\PlayerLearning\Tests\PlayerStationaryResamplingV3Tests.cs(22,32): warning CS0618: 'Object.FindObjectsByType<T>(FindObjectsSortMode)' is obsolete: 'FindObjectsByType with FindObjectsSortMode parameter has been deprecated. Use FindObjectsByType<T>() or FindObjectsByType<T>(FindObjectsInactive) instead. InstanceID will be replaced in the future with EntityId and previous sort order cannot be maintained.'
Assets\Picklebot\PlayerLearning\Tests\PlayerStationaryResamplingV3Tests.cs(47,79): warning CS0618: 'FindObjectsSortMode' is obsolete: 'FindObjectsSortMode has been deprecated. Use the FindObjectsByType overloads that do not take a FindObjectsSortMode parameter.'
Assets\Picklebot\PlayerLearning\Tests\PlayerStationaryResamplingV3Tests.cs(47,44): warning CS0618: 'Object.FindObjectsByType<T>(FindObjectsSortMode)' is obsolete: 'FindObjectsByType with FindObjectsSortMode parameter has been deprecated. Use FindObjectsByType<T>() or FindObjectsByType<T>(FindObjectsInactive) instead. InstanceID will be replaced in the future with EntityId and previous sort order cannot be maintained.'
Total cache size 101747340
Total cache size after purge 101747340, took 00:00:00.0850434
AssetDatabase: script compilation time: 9.711716s
Begin MonoManager ReloadAssembly
Importing 'GUID: 00000000000000004000000000000000 - Path: ProjectSettings/ProjectSettings.asset' with importer (LibraryAssetImporter)
Imported 'GUID: 00000000000000004000000000000000' -> (Import Result ID: '9d194fbe6bd14709d1e1d903cea3918e') in 0.012 seconds [static dependencies only]. Details - ImportResultOutputID=276a810dac73e1f29404d5e5f692e214 DependenciesID=3012976e28b3fd6ef6022e1595482e1a StaticDependenciesID=52baabf55179be7a646adcbefa54210a 
Native extension for WindowsStandalone target not found
Start HTTP server: port:7800
ScheduleIndexationOnStartup MainProcess:True IndexOnStartup:True
Mono: successfully reloaded assembly
- Finished resetting the current domain, in  2.088 seconds
Domain Reload Profiling: 2968ms
	BeginReloadAssembly (180ms)
		DisableScriptedObjects (15ms)
		CreateAndSetChildDomain (37ms)
	RebuildCommonClasses (6ms)
	RebuildNativeTypeToScriptingClass (13ms)
	initialDomainReloadingComplete (38ms)
	LoadAllAssembliesAndSetupDomain (641ms)
		LoadAssemblies (517ms)
		AnalyzeDomain (137ms)
			TypeCache.Refresh (113ms)
				TypeCache.ScanAssembly (104ms)
			BuildScriptInfoCaches (23ms)
	FinalizeReload (2089ms)
		SetupLoadedEditorAssemblies (0ms)
			BeforeProcessingInitializeOnLoad (85ms)
			ProcessInitializeOnLoadAttributes (1720ms)
			ProcessInitializeOnLoadMethodAttributes (160ms)
			AfterProcessingInitializeOnLoad (5ms)
		AwakeInstancesAfterBackupRestoration (19ms)
Starting new worker id: 0 with log in F:/dev/picklebot/Logs/AssetImportWorkerHW0.log
Launched and connected shader compiler UnityShaderCompiler.exe after 0.01 seconds

Asset Pipeline Refresh (id=9819d8eb5e0949844a3431927c56bf68): Total: 13.263 seconds - Initiated by InitialRefreshV2(ForceSynchronousImport)
	(Values over 0.05ms)
	Summary:
		Imports: total=1 (actual=1, local cache=0, cache server=0)
		Asset DB Process Time: managed=2 ms, native=2348 ms
		Asset DB Callback time: managed=181 ms, native=72 ms
		Scripting: domain reloads=1, domain reload time=913 ms, compile time=9718 ms, other=25 ms
		Project Asset Count: scripts=623, non-scripts=2651
		Asset File Changes: new=0, changed=1, moved=0, deleted=0
		Scan Filter Count: 0
	InvokePackagesCallback: 10.132ms
	ApplyChangesToAssetFolders: 0.248ms
	Scan: 28.864ms
	Collect global state as custom dependencies: 0.416ms
	OnSourceAssetsModified: 0.539ms
	CategorizeScriptCompilationAssets: 13.705ms
	ProcessAssetsWithTransientArtifactChanges: 23.909ms
	CategorizeAssets: 36.085ms
	CompileScripts: 9718.362ms
	ImportOutOfDateAssets: 2178.001ms (2112.150ms without children)
		ImportManagerImport: 15.073ms (2.401ms without children)
		UnloadImportedAssets: 0.118ms
		EnsureUptoDateAssetsAreRegisteredWithGuidPM: 0.539ms
		ImportSchedulerStart: 50.111ms
	PostProcessAllAssets: 274.795ms
		VCAutoAddAssetPostprocess 0.969ms
		XRBuildSystem.XRAssetImported 0.298ms
		MonoPostProcessAllAssets: 180.692ms
			BuilderAssetPostprocessor.OnPostprocessAllAssets 103.252ms
			AssetPostprocessor.OnPostprocessAllAssets 33.007ms
			StyleCatalogPostProcessor.OnPostprocessAllAssets 14.464ms
			WindowAssetPostprocessingWatcher.OnPostprocessAllAssets 4.251ms
			EditModeScopePostprocessor.OnPostprocessAllAssets 1.673ms
			AssetChangedListener.OnPostprocessAllAssets 1.210ms
			SyncVS.PostprocessSyncProject 1.101ms
			RetainedModeAssetPostprocessor.OnPostprocessAllAssets 0.907ms
			SpeedTree9Postprocessor.OnPostprocessAllAssets 0.632ms
			ArtifactBrowserPostProcessor.OnPostprocessAllAssets 0.609ms
			TextAssetPostProcessor.OnPostprocessAllAssets 0.499ms
			ModelAssetProcessor.OnPostprocessAllAssets 0.325ms
			ReferencedClipsPostProcessor.OnPostprocessAllAssets 0.284ms
			ConfigAssetsTracker.OnPostprocessAllAssets 0.283ms
			AudioMixerPostprocessor.OnPostprocessAllAssets 0.257ms
			AssetEvents.OnPostprocessAllAssets 0.218ms
			TerrainToolbarOverlayPostProcessor.OnPostprocessAllAssets 0.196ms
			AssetDatabaseCallbacks.OnPostprocessAllAssets 0.180ms
			ScenarioDriftAssetsTracker.OnPostprocessAllAssets 0.133ms
			SpeedTreePostProcessor.OnPostprocessAllAssets 0.127ms
			RenderPipelineGlobalSettingsPostprocessor.OnPostprocessAllAssets 0.075ms
			AudioContainerPostProcessor.OnPostprocessAllAssets 0.064ms
	PostAssetChangesProfiler: 2.598ms
	GatherAllCurrentPrimaryImportResultRevisions: 0.073ms
	UnloadStreamsBegin: 1.754ms
	PersistCurrentRevisions: 0.205ms
	GenerateScriptTypeHashes: 0.680ms
	GenerateScriptTypeSerializationHashes: 1.410ms
	Untracked: 999.862ms

Application.AssetDatabase Initial Refresh End
Scanning for USB devices : 23.572ms
Initializing Unity extensions:
[MODES] ModeService[none].Initialize
[MODES] ModeService[none].LoadModes
[MODES] Loading mode Default (0) for mode-current-id-picklebot
Unloading 45 Unused Serialized files (Serialized files now loaded: 0)
Unloading 3099 unused Assets / (16.9 MB). Loaded Objects now: 3742.
Memory consumption went from 342.3 MB to 325.4 MB.
Total: 10.825100 ms (FindLiveObjects: 0.305700 ms CreateObjectMapping: 0.635300 ms MarkObjects: 6.222600 ms  DeleteObjects: 3.659500 ms)

[Project] Loading completed in 15.312 seconds
	Project init time: 				15.061 seconds
		Template init time: 		0.000 seconds
		Package Manager init time: 		0.192 seconds
		Asset Database init time: 		0.147 seconds
		Global illumination init time: 	0.002 seconds
		Assemblies load time: 			0.697 seconds
		Unity extensions init time: 	0.008 seconds
		Asset Database refresh time: 	13.263 seconds
	Scene opening time: 			0.131 seconds
##utp:{"type":"ProjectInfo","version":2,"phase":"Immediate","time":1789201714506,"processId":35972,"projectLoad":15.3119209,"projectInit":15.0613029,"templateInit":0.0,"packageManagerInit":0.1916003,"assetDatabaseInit":0.1473717,"globalIlluminationInit":0.0021467,"assembliesLoad":0.697114,"unityExtensionsInit":0.0075754,"assetDatabaseRefresh":13.2628695,"sceneOpening":0.1313675}
##utp:{"type":"EditorInfo","version":2,"phase":"Immediate","time":1789201714506,"processId":35972,"editorVersion":"6000.5.5f1 (d16e074b49fd)","branch":"6000.5/staging","buildType":"Release","platform":"Windows"}
[Licensing::Client] Successfully resolved entitlement details
Start Indexing on Editor startup
[Indexing] Starting Initial Indexing for Assets
[UnityConnectServicesConfig] config is NOT valid, switching to default
Created GICache directory at C:/Users/Admin/AppData/LocalLow/Unity/Caches/GiCache. Took: 0.005s, timestamps: [15.314 - 15.320]
Worker ready: AssetImportWorkerHW0 0
Unloading 2 Unused Serialized files (Serialized files now loaded: 0)
Unloading 0 unused Assets / (60.2 KB). Loaded Objects now: 3757.
Memory consumption went from 385.1 MB to 385.1 MB.
Total: 27.231800 ms (FindLiveObjects: 0.107500 ms CreateObjectMapping: 0.220700 ms MarkObjects: 26.898800 ms  DeleteObjects: 0.004400 ms)

Entering Playmode with Reload Domain disabled.
If you experience any issues, please disable "Enter Play Mode Options" in Editor Settings
Loaded scene 'Temp/__Backupscenes/0.backup'
	Deserialize:            0.218 ms
	Integration:            194.340 ms
	Integration of assets:  0.002 ms
	Thread Wait Time:       0.008 ms
	Total Operation Time:   194.570 ms
TrimDiskCacheJob: Current cache size 0mb
Registered Communicator in Academy.
UnityEngine.Debug:ExtractStackTraceNoAlloc (byte*,int,string)
UnityEngine.StackTraceUtility:ExtractStackTrace ()
UnityEngine.DebugLogHandler:Internal_Log (UnityEngine.LogType,UnityEngine.LogOption,string,UnityEngine.Object)
UnityEngine.DebugLogHandler:LogFormat (UnityEngine.LogType,UnityEngine.Object,string,object[])
UnityEngine.Logger:Log (UnityEngine.LogType,object)
UnityEngine.Debug:Log (object)
Unity.MLAgents.Academy:.ctor () (at ./Library/PackageCache/com.unity.ml-agents@51fac9654958/Runtime/Academy.cs:257)
Unity.MLAgents.Academy/<>c:<.cctor>b__86_0 () (at ./Library/PackageCache/com.unity.ml-agents@51fac9654958/Runtime/Academy.cs:117)
System.Lazy`1<Unity.MLAgents.Academy>:ViaFactory (System.Threading.LazyThreadSafetyMode)
System.Lazy`1<Unity.MLAgents.Academy>:ExecutionAndPublication (System.LazyHelper,bool)
System.Lazy`1<Unity.MLAgents.Academy>:CreateValue ()
System.Lazy`1<Unity.MLAgents.Academy>:get_Value ()
Unity.MLAgents.Academy:get_Instance () (at ./Library/PackageCache/com.unity.ml-agents@51fac9654958/Runtime/Academy.cs:132)
Picklebot.PlayerLearning.PlayerMlDrillsV3:InitializeRun () (at Assets/Picklebot/PlayerLearning/PlayerMlDrillsV3.cs:466)
PipelineEvaluation.PipelineEval_1a2cd0f6:Execute ()
System.Reflection.RuntimeMethodInfo:Invoke (object,System.Reflection.BindingFlags,System.Reflection.Binder,object[],System.Globalization.CultureInfo)
System.Reflection.MethodBase:Invoke (object,object[])
Unity.Pipeline.Compilation.EvalCodeCompiler:ExecuteCompiledAssembly (System.Reflection.Assembly) (at ./Library/PackageCache/com.unity.pipeline@9bb4172c603c/Runtime/Compilation/EvalCodeCompiler.cs:190)
Unity.Pipeline.Compilation.EvalCodeCompiler:CompileAndExecuteOnMainThread (string,int,System.Diagnostics.Stopwatch) (at ./Library/PackageCache/com.unity.pipeline@9bb4172c603c/Runtime/Compilation/EvalCodeCompiler.cs:54)
Unity.Pipeline.Runtime.Commands.CodeEvalCommand:EvaluateSource (string,int,string) (at ./Library/PackageCache/com.unity.pipeline@9bb4172c603c/Runtime/Commands/CodeEvalCommand.cs:112)
Unity.Pipeline.Runtime.Commands.CodeEvalCommand:EvaluateFile (string,int) (at ./Library/PackageCache/com.unity.pipeline@9bb4172c603c/Runtime/Commands/CodeEvalCommand.cs:54)
System.Reflection.RuntimeMethodInfo:Invoke (object,System.Reflection.BindingFlags,System.Reflection.Binder,object[],System.Globalization.CultureInfo)
System.Reflection.MethodBase:Invoke (object,object[])
Unity.Pipeline.BasePipelineServer:ExecuteCommandDirect (Unity.Pipeline.Commands.CommandInfo,object[]) (at ./Library/PackageCache/com.unity.pipeline@9bb4172c603c/Runtime/Common/BasePipelineServer.cs:2632)
Unity.Pipeline.BasePipelineServer/<>c__DisplayClass134_0:<ExecuteCommand>b__1 () (at ./Library/PackageCache/com.unity.pipeline@9bb4172c603c/Runtime/Common/BasePipelineServer.cs:2508)
Unity.Pipeline.Threading.Dispatcher/WorkItem`1<object>:ExecuteCore () (at ./Library/PackageCache/com.unity.pipeline@9bb4172c603c/Runtime/Common/Dispatcher.cs:284)
Unity.Pipeline.Threading.Dispatcher/WorkItem:Execute () (at ./Library/PackageCache/com.unity.pipeline@9bb4172c603c/Runtime/Common/Dispatcher.cs:229)
Unity.Pipeline.Threading.Dispatcher:ProcessWorkQueue (int) (at ./Library/PackageCache/com.unity.pipeline@9bb4172c603c/Runtime/Common/Dispatcher.cs:195)
Unity.Pipeline.Threading.Dispatcher:ProcessWorkQueue () (at ./Library/PackageCache/com.unity.pipeline@9bb4172c603c/Runtime/Common/Dispatcher.cs:210)
UnityEditor.EditorApplication:Internal_CallUpdateFunctions ()

(Filename: ./Library/PackageCache/com.unity.ml-agents@51fac9654958/Runtime/Academy.cs Line: 257)

Couldn't connect to trainer on port 5004 using API version 1.5.0. Will perform inference instead.
UnityEngine.Debug:ExtractStackTraceNoAlloc (byte*,int,string)
UnityEngine.StackTraceUtility:ExtractStackTrace ()
UnityEngine.DebugLogHandler:Internal_Log (UnityEngine.LogType,UnityEngine.LogOption,string,UnityEngine.Object)
UnityEngine.DebugLogHandler:LogFormat (UnityEngine.LogType,UnityEngine.Object,string,object[])
UnityEngine.Logger:Log (UnityEngine.LogType,object)
UnityEngine.Debug:Log (object)
Unity.MLAgents.Academy:InitializeEnvironment () (at ./Library/PackageCache/com.unity.ml-agents@51fac9654958/Runtime/Academy.cs:478)
Unity.MLAgents.Academy:LazyInitialize () (at ./Library/PackageCache/com.unity.ml-agents@51fac9654958/Runtime/Academy.cs:293)
Unity.MLAgents.Academy:.ctor () (at ./Library/PackageCache/com.unity.ml-agents@51fac9654958/Runtime/Academy.cs:261)
Unity.MLAgents.Academy/<>c:<.cctor>b__86_0 () (at ./Library/PackageCache/com.unity.ml-agents@51fac9654958/Runtime/Academy.cs:117)
System.Lazy`1<Unity.MLAgents.Academy>:ViaFactory (System.Threading.LazyThreadSafetyMode)
System.Lazy`1<Unity.MLAgents.Academy>:ExecutionAndPublication (System.LazyHelper,bool)
System.Lazy`1<Unity.MLAgents.Academy>:CreateValue ()
System.Lazy`1<Unity.MLAgents.Academy>:get_Value ()
Unity.MLAgents.Academy:get_Instance () (at ./Library/PackageCache/com.unity.ml-agents@51fac9654958/Runtime/Academy.cs:132)
Picklebot.PlayerLearning.PlayerMlDrillsV3:InitializeRun () (at Assets/Picklebot/PlayerLearning/PlayerMlDrillsV3.cs:466)
PipelineEvaluation.PipelineEval_1a2cd0f6:Execute ()
System.Reflection.RuntimeMethodInfo:Invoke (object,System.Reflection.BindingFlags,System.Reflection.Binder,object[],System.Globalization.CultureInfo)
System.Reflection.MethodBase:Invoke (object,object[])
Unity.Pipeline.Compilation.EvalCodeCompiler:ExecuteCompiledAssembly (System.Reflection.Assembly) (at ./Library/PackageCache/com.unity.pipeline@9bb4172c603c/Runtime/Compilation/EvalCodeCompiler.cs:190)
Unity.Pipeline.Compilation.EvalCodeCompiler:CompileAndExecuteOnMainThread (string,int,System.Diagnostics.Stopwatch) (at ./Library/PackageCache/com.unity.pipeline@9bb4172c603c/Runtime/Compilation/EvalCodeCompiler.cs:54)
Unity.Pipeline.Runtime.Commands.CodeEvalCommand:EvaluateSource (string,int,string) (at ./Library/PackageCache/com.unity.pipeline@9bb4172c603c/Runtime/Commands/CodeEvalCommand.cs:112)
Unity.Pipeline.Runtime.Commands.CodeEvalCommand:EvaluateFile (string,int) (at ./Library/PackageCache/com.unity.pipeline@9bb4172c603c/Runtime/Commands/CodeEvalCommand.cs:54)
System.Reflection.RuntimeMethodInfo:Invoke (object,System.Reflection.BindingFlags,System.Reflection.Binder,object[],System.Globalization.CultureInfo)
System.Reflection.MethodBase:Invoke (object,object[])
Unity.Pipeline.BasePipelineServer:ExecuteCommandDirect (Unity.Pipeline.Commands.CommandInfo,object[]) (at ./Library/PackageCache/com.unity.pipeline@9bb4172c603c/Runtime/Common/BasePipelineServer.cs:2632)
Unity.Pipeline.BasePipelineServer/<>c__DisplayClass134_0:<ExecuteCommand>b__1 () (at ./Library/PackageCache/com.unity.pipeline@9bb4172c603c/Runtime/Common/BasePipelineServer.cs:2508)
Unity.Pipeline.Threading.Dispatcher/WorkItem`1<object>:ExecuteCore () (at ./Library/PackageCache/com.unity.pipeline@9bb4172c603c/Runtime/Common/Dispatcher.cs:284)
Unity.Pipeline.Threading.Dispatcher/WorkItem:Execute () (at ./Library/PackageCache/com.unity.pipeline@9bb4172c603c/Runtime/Common/Dispatcher.cs:229)
Unity.Pipeline.Threading.Dispatcher:ProcessWorkQueue (int) (at ./Library/PackageCache/com.unity.pipeline@9bb4172c603c/Runtime/Common/Dispatcher.cs:195)
Unity.Pipeline.Threading.Dispatcher:ProcessWorkQueue () (at ./Library/PackageCache/com.unity.pipeline@9bb4172c603c/Runtime/Common/Dispatcher.cs:210)
UnityEditor.EditorApplication:Internal_CallUpdateFunctions ()

(Filename: ./Library/PackageCache/com.unity.ml-agents@51fac9654958/Runtime/Academy.cs Line: 478)

Unloading 3 Unused Serialized files (Serialized files now loaded: 0)
Loaded scene 'Temp/__Backupscenes/0.backup'
	Deserialize:            0.201 ms
	Integration:            183.499 ms
	Integration of assets:  0.001 ms
	Thread Wait Time:       0.013 ms
	Total Operation Time:   183.713 ms
Unloading 4 unused Assets / (28.0 KB). Loaded Objects now: 3761.
Memory consumption went from 1.01 GB to 1.01 GB.
Total: 28.474700 ms (FindLiveObjects: 0.190500 ms CreateObjectMapping: 0.228700 ms MarkObjects: 28.002900 ms  DeleteObjects: 0.052300 ms)

[ScriptCompilation] Requested script compilation because: Player settings modified
[Licensing::Client] Successfully resolved entitlement details
Starting: C:\Program Files\Unity\Hub\Editor\6000.5.5f1\Editor\Data\Tools\BuildPipeline\bee_backend.exe --ipc --defer-dag-verification --dagfile="Library/Bee/1900b0aE.dag" --continue-on-failure --profile="Library/Bee/backend1.traceevents" ScriptAssemblies
WorkingDir: F:/dev/picklebot
ExitCode: 0 Duration: 0s175ms
[ 794/1041  0s] ILPP-Configuration Library/ilpp-configuration.nevergeneratedoutput
*** Tundra build success (0.15 seconds), 1 items updated, 1041 evaluated
Reloading assemblies after finishing script compilation.
Reloading assemblies after forced synchronous recompile.
Begin MonoManager ReloadAssembly
Total cache size 101747340
Total cache size after purge 101747340, took 00:00:00.1458233
Native extension for WindowsStandalone target not found
[MODES] ModeService[none].Initialize
[MODES] ModeService[none].LoadModes
Start HTTP server: port:7800
ScheduleIndexationOnStartup MainProcess:True IndexOnStartup:True
Mono: successfully reloaded assembly
- Finished resetting the current domain, in  0.683 seconds
Domain Reload Profiling: 1313ms
	BeginReloadAssembly (457ms)
		DisableScriptedObjects (46ms)
		CreateAndSetChildDomain (264ms)
	RebuildCommonClasses (7ms)
	RebuildNativeTypeToScriptingClass (12ms)
	initialDomainReloadingComplete (44ms)
	LoadAllAssembliesAndSetupDomain (109ms)
		LoadAssemblies (94ms)
		AnalyzeDomain (7ms)
			TypeCache.Refresh (4ms)
	FinalizeReload (684ms)
		SetupLoadedEditorAssemblies (0ms)
			BeforeProcessingInitializeOnLoad (137ms)
			ProcessInitializeOnLoadAttributes (229ms)
			ProcessInitializeOnLoadMethodAttributes (105ms)
			AfterProcessingInitializeOnLoad (5ms)
		AwakeInstancesAfterBackupRestoration (42ms)
No restricted APIs configured; Validation skipped.
Checking 19 assemblies for restricted APIs found 0 usage(s) in 3 ms

Asset Pipeline Refresh (id=d111821475b653c4e9d0a86ba1a7e522): Total: 1.591 seconds - Initiated by StopAssetImportingV2(ForceSynchronousImport | ForceDomainReload)
	(Values over 0.05ms)
	Summary:
		Imports: total=0 (actual=0, local cache=0, cache server=0)
		Asset DB Process Time: managed=0 ms, native=795 ms
		Asset DB Callback time: managed=63 ms, native=51 ms
		Scripting: domain reloads=1, domain reload time=678 ms, compile time=2 ms, other=0 ms
		Project Asset Count: scripts=623, non-scripts=2651
		Asset File Changes: new=0, changed=0, moved=0, deleted=0
		Scan Filter Count: 0
	InvokePackagesCallback: 0.999ms
	ApplyChangesToAssetFolders: 0.093ms
	Collect global state as custom dependencies: 0.336ms
	ProcessAssetsWithTransientArtifactChanges: 48.130ms
	CategorizeAssets: 18.205ms
	CompileScripts: 1.791ms
	ImportOutOfDateAssets: 702.343ms (690.532ms without children)
		UnloadImportedAssets: 0.119ms
		EnsureUptoDateAssetsAreRegisteredWithGuidPM: 0.269ms
		ImportSchedulerStart: 11.401ms
	PostProcessAllAssets: 110.030ms
		AssemblyValidation.PostprocessAllAssets 12.433ms
		PostProcessCallbackCreateDeferredMaterials 4.987ms
		ShaderAssetModifiedCallback 2.813ms
		ComputeShaderImportPostprocess 2.029ms
		RaytracingShaderImportPostprocess 2.002ms
		SpeedTreeImporter.PostprocessAllAssets 1.643ms
		LocalizationDatabase.AssetDatabasePostprocessCallback 0.838ms
		BlockShaderImporter.PostprocessAllAssets 0.811ms
		XRBuildSystem.XRAssetImported 0.243ms
		MonoPostProcessAllAssets: 62.104ms
			AssetPostprocessor.OnPostprocessAllAssets 12.104ms
			StyleCatalogPostProcessor.OnPostprocessAllAssets 11.000ms
			BuilderAssetPostprocessor.OnPostprocessAllAssets 7.461ms
			TextAssetPostProcessor.OnPostprocessAllAssets 6.702ms
			AssetChangedListener.OnPostprocessAllAssets 4.796ms
			WindowAssetPostprocessingWatcher.OnPostprocessAllAssets 1.976ms
			SpeedTree9Postprocessor.OnPostprocessAllAssets 1.625ms
			EditModeScopePostprocessor.OnPostprocessAllAssets 1.159ms
			RetainedModeAssetPostprocessor.OnPostprocessAllAssets 1.140ms
			SyncVS.PostprocessSyncProject 1.125ms
			ArtifactBrowserPostProcessor.OnPostprocessAllAssets 0.565ms
			AudioMixerPostprocessor.OnPostprocessAllAssets 0.368ms
			ModelAssetProcessor.OnPostprocessAllAssets 0.352ms
			ReferencedClipsPostProcessor.OnPostprocessAllAssets 0.219ms
			SpeedTreePostProcessor.OnPostprocessAllAssets 0.213ms
			AssetDatabaseCallbacks.OnPostprocessAllAssets 0.202ms
			ConfigAssetsTracker.OnPostprocessAllAssets 0.177ms
			AssetEvents.OnPostprocessAllAssets 0.170ms
			ScenarioDriftAssetsTracker.OnPostprocessAllAssets 0.169ms
			TerrainToolbarOverlayPostProcessor.OnPostprocessAllAssets 0.161ms
			AudioContainerPostProcessor.OnPostprocessAllAssets 0.106ms
			RenderPipelineGlobalSettingsPostprocessor.OnPostprocessAllAssets 0.071ms
	PostAssetChangesProfiler: 3.949ms
	GatherAllCurrentPrimaryImportResultRevisions: 0.075ms
	PersistCurrentRevisions: 0.066ms
	GenerateScriptTypeHashes: 0.571ms
	GenerateScriptTypeSerializationHashes: 1.175ms
	Untracked: 701.087ms

[Licensing::Client] Successfully resolved entitlement details
Unloading 0 Unused Serialized files (Serialized files now loaded: 0)
Unloading 2515 unused Assets / (340.5 KB). Loaded Objects now: 3762.
Memory consumption went from 1.02 GB to 1.02 GB.
Total: 27.544000 ms (FindLiveObjects: 0.168300 ms CreateObjectMapping: 0.512900 ms MarkObjects: 26.485900 ms  DeleteObjects: 0.376000 ms)

MonoPathRemapper: Attempts to remap: 57274; Successful remaps: 14142
Serialized file version minimum: 23, current 23
Pipeline Server stopped
Importing 'GUID: 0000000000000000b000000000000000 - Path: ProjectSettings/EditorBuildSettings.asset' with importer (LibraryAssetImporter)
Imported 'GUID: 0000000000000000b000000000000000' -> (Import Result ID: '5c006c7924a70f7f4cd4c93808ec2505') in 0.003 seconds [static dependencies only]. Details - ImportResultOutputID=4647dd083cfc32cebcd7526e8846440c DependenciesID=ebb3ab2f936a5acf9da66549982eae23 StaticDependenciesID=153b03eedb78800a229a3c43fe6e1cd9 
Asset Pipeline Refresh (id=89d71938b863f5546a53f337c2de95c9): Total: 0.032 seconds - Initiated by StopAssetImportingV2(NoUpdateAssetOptions)
[Physics::Module] Cleanup current backend.
[Physics::Module] Id: 0xf2b8ea05
Input System module state changed to: ShutdownInProgress.
Input Polling Thread exited.
Input System module state changed to: Shutdown.
[Licensing::IpcConnector] LicenseClient-Admin-notifications channel disconnected successfully.
[Licensing::IpcConnector] LicenseClient-Admin channel disconnected successfully.
AcceleratorClientConnectionCallback - disconnected - :0
Cleanup mono
CodeReloadManager destroyed
Checking for leaked weakptr:
  Found no leaked weakptrs.
[Package Manager] Server process was shutdown
##utp:{"type":"MemoryLeaks","version":2,"phase":"Immediate","time":1789201843417,"processId":35972,"allocatedMemory":18090659,"memoryLabels":[{"Default":204958},{"Permanent":15516},{"NewDelete":66955},{"Thread":4205176},{"Manager":823653},{"VertexData":8},{"Geometry":816},{"Texture":24},{"Shader":843166},{"Material":24},{"GfxDevice":57368},{"Animation":952},{"Audio":1168},{"FreeType":8},{"FontEngine":736},{"Physics":2146},{"Physics2D":16},{"Serialization":1080},{"Input":42840},{"JobScheduler":256},{"TextLib":280},{"Mono":48},{"ScriptingNativeRuntime":2290384},{"BaseObject":1621896},{"Resource":1208},{"Renderer":3080},{"Transform":4685},{"File":1032},{"WebCam":616},{"Culling":32},{"Terrain":11442},{"Wind":24},{"STL":40},{"String":14624},{"StaticString":3808},{"Utility":2673782},{"Curl":2478},{"PoolAlloc":2840},{"AI":80},{"TypeTree":14869},{"CodeReload":448},{"RuntimeInitializeOnLoadManager":64},{"Sprites":102},{"SpriteAtlas":120},{"GI":7816},{"Director":8296},{"CloudService":7384},{"WebRequest":5417},{"VR":47114},{"SceneManager":608},{"Video":208},{"LazyScriptCache":32},{"Camera":17},{"Secure":2377},{"SerializationCache":1576},{"APIUpdating":10320},{"Subsystems":336},{"VirtualTexturing":57888},{"StaticSafetyDebugInfo":278528},{"Analytics":552},{"Hierarchy":1176},{"UIElements":72},{"CoreStats":13688},{"Identifiers":6768},{"Gui":128},{"EditorUtility":170741},{"VersionControl":8},{"Undo":931},{"AssetDatabase":4497392},{"AssetImporter":40},{"EditorGi":328},{"UnityConnect":38929},{"Upm":1912},{"UpmDiagnostics":8},{"AssetCompliance":64},{"DrivenProperties":72},{"LocalIPC":211},{"ProfilerEditor":9746},{"CoreBusinessMetrics":3480},{"Windowing":456},{"Licensing":1232},{"AssetReference":32},{"IPCStream":32}]}
